"name_tbl","name_fld","format_4_05","format_4_06","is_active_format_4_06"
,,,﻿Файл^@ИдФайл,true
,,,Файл^@ВерсФорм,true
,,,Файл^@ТипИнф,true
,,,Файл^@ВерсПрог,true
,,,Файл^@КолДок,true
,,,Файл^ИдОтпр^@ДолжОтв,true
,,,Файл^ИдОтпр^@Тлф,true
,,,Файл^ИдОтпр^@E-mail,true
,,,Файл^ИдОтпр^ФИООтв^@Фамилия,true
,,,Файл^ИдОтпр^ФИООтв^@Имя,true
,,,Файл^ИдОтпр^ФИООтв^@Отчество,true
,,,Файл^Документ^@ИдДок,true
,,,Файл^Документ^СвИП^@ДатаВып,true
s_individual_entrepreneur_okveds_info,svokved_svokvedosn_grnipdata_grnip,,Файл^Документ^СвИП^СвОКВЭД^СвОКВЭДОсн^ГРНИПДата^@ГРНИП,true
s_individual_entrepreneur_citizenship_info,svgrajd_grnipdata_grnip,,Файл^Документ^СвИП^СвГражд^ГРНИПДата^@ГРНИП,true
s_individual_entrepreneur_egrip_history,svzapegrip_svstatuszap_grnipdataned_grnip,,Файл^Документ^СвИП^СвЗапЕГРИП^СвСтатусЗап^ГРНИПДатаНед^@ГРНИП,true
s_individual_entrepreneur_individual_info,svfl_grnipdata_grnip,,Файл^Документ^СвИП^СвФЛ^ГРНИПДата^@ГРНИП,true
s_individual_entrepreneur_email_info,svadrelpocty_email,,Файл^Документ^СвИП^СвАдрЭлПочты^@E-mail,true
s_individual_entrepreneur_email_info,svadrelpocty_grnipdata_grnip,,Файл^Документ^СвИП^СвАдрЭлПочты^ГРНИПДата^@ГРНИП,true
s_individual_entrepreneur_individual_info,svfl_pol,,Файл^Документ^СвИП^СвФЛ^@Пол,true
s_individual_entrepreneur_citizenship_info,hash_diff,,hash_func,true
s_individual_entrepreneur_is_liquidated_info,hash_diff,,hash_func,true
,,,Файл^Документ^СвИП^СвФЛ^ГРНИПДатаИспр^@ГРНИП,true
,,,Файл^Документ^СвИП^СвФЛ^ГРНИПДатаИспр^@ДатаЗаписи,true
,,,Файл^Документ^СвИП^СвФИОЗАГС^@Фамилия,true
,,,Файл^Документ^СвИП^СвФИОЗАГС^@Имя,true
,,,Файл^Документ^СвИП^СвФИОЗАГС^@Отчество,true
,,,Файл^Документ^СвИП^СвФИОЗАГС^ГРНИПДата^@ГРНИП,true
,,,Файл^Документ^СвИП^СвФИОЗАГС^ГРНИПДата^@ДатаЗаписи,true
,,,Файл^Документ^СвИП^СвФИОЗАГС^ГРНИПДатаИспр^@ГРНИП,true
,,,Файл^Документ^СвИП^СвФИОЗАГС^ГРНИПДатаИспр^@ДатаЗаписи,true
,,,Файл^Документ^СвИП^СвРожд^@ДатаРожд,true
,,,Файл^Документ^СвИП^СвРожд^@МестоРожд,true
,,,Файл^Документ^СвИП^СвРожд^@ПрДатаРожд,true
,,,Файл^Документ^СвИП^СвРожд^ГРНИПДата^@ГРНИП,true
,,,Файл^Документ^СвИП^СвРожд^ГРНИПДата^@ДатаЗаписи,true
,,,Файл^Документ^СвИП^СвРожд^ГРНИПДатаИспр^@ГРНИП,true
,,,Файл^Документ^СвИП^СвРожд^ГРНИПДатаИспр^@ДатаЗаписи,true
,,,Файл^Документ^СвИП^СвГражд^ГРНИПДатаИспр^@ГРНИП,true
,,,Файл^Документ^СвИП^СвГражд^ГРНИПДатаИспр^@ДатаЗаписи,true
,,,Файл^Документ^СвИП^СвУдЛичнФЛ^УдЛичнФЛ^@Фамилия,true
,,,Файл^Документ^СвИП^СвУдЛичнФЛ^УдЛичнФЛ^@Имя,true
,,,Файл^Документ^СвИП^СвУдЛичнФЛ^УдЛичнФЛ^@Отчество,true
,,,Файл^Документ^СвИП^СвУдЛичнФЛ^УдЛичнФЛ^ГРНИПДата^@ГРНИП,true
,,,Файл^Документ^СвИП^СвУдЛичнФЛ^УдЛичнФЛ^ГРНИПДата^@ДатаЗаписи,true
,,,Файл^Документ^СвИП^СвУдЛичнФЛ^УдЛичнФЛ^ГРНИПДатаИспр^@ГРНИП,true
,,,Файл^Документ^СвИП^СвУдЛичнФЛ^УдЛичнФЛ^ГРНИПДатаИспр^@ДатаЗаписи,true
,,,Файл^Документ^СвИП^СвУдЛичнФЛ^ГРНИПДата^@ГРНИП,true
,,,Файл^Документ^СвИП^СвУдЛичнФЛ^ГРНИПДата^@ДатаЗаписи,true
,,,Файл^Документ^СвИП^СвУдЛичнФЛ^ГРНИПДатаИспр^@ГРНИП,true
,,,Файл^Документ^СвИП^СвУдЛичнФЛ^ГРНИПДатаИспр^@ДатаЗаписи,true
,,,Файл^Документ^СвИП^СвПравЖитРФ^@СрокДействДок,true
,,,Файл^Документ^СвИП^СвПравЖитРФ^ДокПравЖитРФ^@КодВидДок,true
,,,Файл^Документ^СвИП^СвПравЖитРФ^ДокПравЖитРФ^@НаимДок,true
,,,Файл^Документ^СвИП^СвПравЖитРФ^ДокПравЖитРФ^@СерНомДок,true
,,,Файл^Документ^СвИП^СвПравЖитРФ^ДокПравЖитРФ^@ДатаДок,true
,,,Файл^Документ^СвИП^СвПравЖитРФ^ДокПравЖитРФ^@ВыдДок,true
,,,Файл^Документ^СвИП^СвПравЖитРФ^ДокПравЖитРФ^@КодВыдДок,true
,,,Файл^Документ^СвИП^СвПравЖитРФ^ГРНИПДата^@ГРНИП,true
,,,Файл^Документ^СвИП^СвПравЖитРФ^ГРНИПДата^@ДатаЗаписи,true
,,,Файл^Документ^СвИП^СвПравЖитРФ^ГРНИПДатаИспр^@ГРНИП,true
,,,Файл^Документ^СвИП^СвПравЖитРФ^ГРНИПДатаИспр^@ДатаЗаписи,true
,,,Файл^Документ^СвИП^СвАдрМЖ^@ВидАдрКлассиф,true
,,,Файл^Документ^СвИП^СвАдрМЖ^АдресРФ^@Индекс,true
s_individual_entrepreneur_email_info,statement_dt,,statement_dt,true
s_individual_entrepreneur_individual_info,svfl_grnipdata_valid_from,,Файл^Документ^СвИП^СвФЛ^ГРНИПДата^@ДатаЗаписи,true
,,,Файл^Документ^СвИП^СвАдрМЖ^АдресРФ^@КодАдрКладр,true
,,,Файл^Документ^СвИП^СвАдрМЖ^АдресРФ^@Дом,true
,,,Файл^Документ^СвИП^СвАдрМЖ^АдресРФ^@Корпус,true
,,,Файл^Документ^СвИП^СвАдрМЖ^АдресРФ^@Кварт,true
s_individual_entrepreneur_registrator_info,svregorg_grnipdata_grnip,,Файл^Документ^СвИП^СвРегОрг^ГРНИПДата^@ГРНИП,true
s_individual_entrepreneur_registration_info,svregip_dataogrnip,,Файл^Документ^СвИП^СвРегИП^@ДатаОГРНИП,true
s_individual_entrepreneur_registrator_info,svregorg_adrro,,Файл^Документ^СвИП^СвРегОрг^@АдрРО,true
s_individual_entrepreneur_registrator_info,svregorg_kodno,,Файл^Документ^СвИП^СвРегОрг^@КодНО,true
,,,Файл^Документ^СвИП^СвАдрМЖ^АдресРФ^Улица^@ТипУлица,true
,,,Файл^Документ^СвИП^СвАдрМЖ^АдресРФ^Улица^@НаимУлица,true
s_individual_entrepreneur_registrator_info,svregorg_naimno,,Файл^Документ^СвИП^СвРегОрг^@НаимНО,true
s_individual_entrepreneur_egrip_history,hash_diff,,hash_func,true
s_individual_entrepreneur_address_info,svadrmj_adresrf_kodregion,,Файл^Документ^СвИП^СвАдрМЖ^АдресРФ^@КодРегион,true
s_individual_entrepreneur_address_info,svadrmj_adresrf_gorod_naimgorod,,Файл^Документ^СвИП^СвАдрМЖ^АдресРФ^Город^@НаимГород,true
s_individual_entrepreneur_address_info,svadrmj_adresrf_gorod_tipgorod,,Файл^Документ^СвИП^СвАдрМЖ^АдресРФ^Город^@ТипГород,true
s_individual_entrepreneur_address_info,svadrmj_adresrf_naselpunkt_naimnaselpunkt,,Файл^Документ^СвИП^СвАдрМЖ^АдресРФ^НаселПункт^@НаимНаселПункт,true
s_individual_entrepreneur_address_info,svadrmj_adresrf_naselpunkt_tipnaselpunkt,,Файл^Документ^СвИП^СвАдрМЖ^АдресРФ^НаселПункт^@ТипНаселПункт,true
s_individual_entrepreneur_address_fias_info,svadrmj_adresmjfias_idnom,,Файл^Документ^СвИП^СвАдрМЖ^АдрМЖФИАС^@ИдНом,true
s_individual_entrepreneur_address_fias_info,svadrmj_adresmjfias_indeks,,Файл^Документ^СвИП^СвАдрМЖ^АдрМЖФИАС^@Индекс,true
s_individual_entrepreneur_address_fias_info,svadrmj_adresmjfias_region,,Файл^Документ^СвИП^СвАдрМЖ^АдрМЖФИАС^@Регион,true
s_individual_entrepreneur_address_fias_info,svadrmj_adresmjfias_region_naimregion,,Файл^Документ^СвИП^СвАдрМЖ^АдрМЖФИАС^@НаимРегион,true
s_individual_entrepreneur_address_fias_info,svadrmj_adresmjfias_rajon_naimrajon,,Файл^Документ^СвИП^СвАдрМЖ^АдрМЖФИАС^МуниципРайон^@Наим,true
s_individual_entrepreneur_address_fias_info,svadrmj_adresmjfias_rajon_vidkod,,Файл^Документ^СвИП^СвАдрМЖ^АдрМЖФИАС^МуниципРайон^@ВидКод,true
s_individual_entrepreneur_address_fias_info,svadrmj_adresmjfias_gorodselposel_naim,,Файл^Документ^СвИП^СвАдрМЖ^АдрМЖФИАС^ГородСелПоселен^@Наим,true
,,,Файл^Документ^СвИП^СвАдрМЖ^ГРНИПДатаИспр^@ГРНИП,true
,,,Файл^Документ^СвИП^СвАдрМЖ^ГРНИПДатаИспр^@ДатаЗаписи,true
,,,Файл^Документ^СвИП^СвАдрЭлПочты^ГРНИПДатаИспр^@ГРНИП,true
,,,Файл^Документ^СвИП^СвАдрЭлПочты^ГРНИПДатаИспр^@ДатаЗаписи,true
,,,Файл^Документ^СвИП^СвРегИП^СвКФХ^ГРНИПДатаИспр^@ГРНИП,true
,,,Файл^Документ^СвИП^СвРегИП^СвКФХ^ГРНИПДатаИспр^@ДатаЗаписи,true
,,,Файл^Документ^СвИП^СвГлКФХ^@ТекстГлКФХ,true
,,,Файл^Документ^СвИП^СвГлКФХ^ГРНИПДата^@ГРНИП,true
,,,Файл^Документ^СвИП^СвГлКФХ^ГРНИПДата^@ДатаЗаписи,true
,,,Файл^Документ^СвИП^СвГлКФХ^ГРНИПДатаИспр^@ГРНИП,true
,,,Файл^Документ^СвИП^СвГлКФХ^ГРНИПДатаИспр^@ДатаЗаписи,true
s_individual_entrepreneur_registrator_info,svregorg_grnipdata_valid_from,,Файл^Документ^СвИП^СвРегОрг^ГРНИПДата^@ДатаЗаписи,true
,,,Файл^Документ^СвИП^СвСтатус^СвРешИсклИП^@ДатаРеш,true
,,,Файл^Документ^СвИП^СвСтатус^СвРешИсклИП^@НомерРеш,true
,,,Файл^Документ^СвИП^СвСтатус^СвРешИсклИП^@ДатаПубликации,true
,,,Файл^Документ^СвИП^СвСтатус^СвРешИсклИП^@НомерЖурнала,true
,,,Файл^Документ^СвИП^СвПрекращ^СвНовЮЛ^@ОГРН,true
,,,Файл^Документ^СвИП^СвПрекращ^СвНовЮЛ^@ИНН,true
,,,Файл^Документ^СвИП^СвПрекращ^СвНовЮЛ^@НаимЮЛПолн,true
,,,Файл^Документ^СвИП^СвПрекращ^СвНовЮЛ^@ГРНИПДата,true
,,,Файл^Документ^СвИП^СвПрекращ^СвНовЮЛ^@ГРНИПДатаИспр,true
s_individual_entrepreneur_is_liquidated_info,svprekras_grnipdata_grnip,,Файл^Документ^СвИП^СвПрекращ^ГРНИПДата^@ГРНИП,true
s_individual_entrepreneur_pension_fund_info,svregpf_grnipdata_grnip,,Файл^Документ^СвИП^СвРегПФ^ГРНИПДата^@ГРНИП,true
,,,Файл^Документ^СвИП^СвУчетНО^ГРНИПДатаИспр^@ГРНИП,true
,,,Файл^Документ^СвИП^СвУчетНО^ГРНИПДатаИспр^@ДатаЗаписи,true
,,,Файл^Документ^СвИП^СвРегПФ^@ДатаПрисвНом,true
s_individual_entrepreneur_social_insurance_fund_info,svregfss_grnipdata_grnip,,Файл^Документ^СвИП^СвРегФСС^ГРНИПДата^@ГРНИП,true
s_individual_entrepreneur_state_info,svstatus_grnipdata_grnip,,Файл^Документ^СвИП^СвСтатус^ГРНИПДата^@ГРНИП,true
,,,Файл^Документ^СвИП^СвРегПФ^ГРНИПДатаИспр^@ГРНИП,true
,,,Файл^Документ^СвИП^СвРегПФ^ГРНИПДатаИспр^@ДатаЗаписи,true
,,,Файл^Документ^СвИП^СвРегФСС^ДатаПрисвНом^@,true
,,,Файл^Документ^СвИП^СвРегФСС^@ДатаСнРег,true
s_individual_entrepreneur_main_info,vid_ip_name,,Файл^Документ^СвИП^@НаимВидИП,true
s_individual_entrepreneur_tax_authority_registration_info,svucetno_grnipdata_valid_from,,Файл^Документ^СвИП^СвУчетНО^ГРНИПДата^@ДатаЗаписи,true
s_individual_entrepreneur_is_liquidated_info,svprekras_svstatus_dataprekras,,Файл^Документ^СвИП^СвПрекращ^СвСтатус^@ДатаПрекращ,true
s_individual_entrepreneur_is_liquidated_info,svprekras_svstatus_kodstatus,,Файл^Документ^СвИП^СвПрекращ^СвСтатус^@КодСтатус,true
,,,Файл^Документ^СвИП^СвРегФСС^ГРНИПДатаИспр^@ГРНИП,true
,,,Файл^Документ^СвИП^СвРегФСС^ГРНИПДатаИспр^@ДатаЗаписи,true
s_individual_entrepreneur_is_liquidated_info,svprekras_svstatus_naimstatus,,Файл^Документ^СвИП^СвПрекращ^СвСтатус^@НаимСтатус,true
s_individual_entrepreneur_pension_fund_info,svregpf_regnompf,,Файл^Документ^СвИП^СвРегПФ^@РегНомПФ,true
s_individual_entrepreneur_social_insurance_fund_info,svregfss_datareg,,Файл^Документ^СвИП^СвРегФСС^@ДатаРег,true
s_individual_entrepreneur_social_insurance_fund_info,svregfss_regnomfss,,Файл^Документ^СвИП^СвРегФСС^@РегНомФСС,true
s_individual_entrepreneur_state_info,svstatus_svstatus_naimstatus,,Файл^Документ^СвИП^СвСтатус^СвСтатус^@НаимСтатус,true
,,,Файл^Документ^СвИП^СвОКВЭД^СвОКВЭДОсн^ГРНИПДатаИспр^@ГРНИП,true
,,,Файл^Документ^СвИП^СвОКВЭД^СвОКВЭДОсн^ГРНИПДатаИспр^@ДатаЗаписи,true
,,,Файл^Документ^СвИП^СвОКВЭД^СвОКВЭДОсн^СвДоляОКВЭД^@ДопСведОКВЭД,true
,,,Файл^Документ^СвИП^СвОКВЭД^СвОКВЭДОсн^СвДоляОКВЭД^@Процент,true
,,,Файл^Документ^СвИП^СвОКВЭД^СвОКВЭДОсн^СвДоляОКВЭД^ГРНИПДата^@ГРНИП,true
,,,Файл^Документ^СвИП^СвОКВЭД^СвОКВЭДОсн^СвДоляОКВЭД^ГРНИПДата^@ДатаЗаписи,true
,,,Файл^Документ^СвИП^СвОКВЭД^СвОКВЭДОсн^СвДоляОКВЭД^ГРНИПДатаИспр^@ГРНИП,true
,,,Файл^Документ^СвИП^СвОКВЭД^СвОКВЭДОсн^СвДоляОКВЭД^ГРНИПДатаИспр^@ДатаЗаписи,true
s_individual_entrepreneur_state_info,svstatus_svstatus_kodstatus,,Файл^Документ^СвИП^СвСтатус^СвСтатус^@КодСтатус,true
s_individual_entrepreneur_address_info,svadrmj_grnipdata_grnip,,Файл^Документ^СвИП^СвАдрМЖ^ГРНИПДата^@ГРНИП,true
s_individual_entrepreneur_tax_authority_registration_info,svucetno_grnipdata_grnip,,Файл^Документ^СвИП^СвУчетНО^ГРНИПДата^@ГРНИП,true
s_individual_entrepreneur_okveds_info,hash_diff,,hash_func,true
s_individual_entrepreneur_pension_fund_info,svregpf_datareg,,Файл^Документ^СвИП^СвРегПФ^@ДатаРег,true
,,,Файл^Документ^СвИП^СвОКВЭД^СвОКВЭДДоп^ГРНИПДатаИспр^@ГРНИП,true
s_individual_entrepreneur_tax_authority_registration_info,svucetno_datapostuc,,Файл^Документ^СвИП^СвУчетНО^@ДатаПостУч,true
s_individual_entrepreneur_is_liquidated_info,svprekras_grnipdata_valid_from,,Файл^Документ^СвИП^СвПрекращ^ГРНИПДата^@ДатаЗаписи,true
s_individual_entrepreneur_tax_authority_registration_info,svucetno_innfl,,Файл^Документ^СвИП^СвУчетНО^@ИННФЛ,true
s_individual_entrepreneur_address_info,svadrmj_grnipdata_valid_from ,,Файл^Документ^СвИП^СвАдрМЖ^ГРНИПДата^@ДатаЗаписи,true
s_individual_entrepreneur_state_info,svstatus_grnipdata_valid_from,,Файл^Документ^СвИП^СвСтатус^ГРНИПДата^@ДатаЗаписи,true
s_individual_entrepreneur_pension_fund_info,svregpf_grnipdata_valid_from,,Файл^Документ^СвИП^СвРегПФ^ГРНИПДата^@ДатаЗаписи,true
,,,Файл^Документ^СвИП^СвОКВЭД^СвОКВЭДДоп^ГРНИПДатаИспр^@ДатаЗаписи,true
,,,Файл^Документ^СвИП^СвОКВЭД^СвОКВЭДДоп^СвДоляОКВЭД^@ДопСведОКВЭД,true
,,,Файл^Документ^СвИП^СвОКВЭД^СвОКВЭДДоп^СвДоляОКВЭД^@Процент,true
,,,Файл^Документ^СвИП^СвОКВЭД^СвОКВЭДДоп^СвДоляОКВЭД^ГРНИПДата^@ГРНИП,true
,,,Файл^Документ^СвИП^СвОКВЭД^СвОКВЭДДоп^СвДоляОКВЭД^ГРНИПДата^@ДатаЗаписи,true
,,,Файл^Документ^СвИП^СвОКВЭД^СвОКВЭДДоп^СвДоляОКВЭД^ГРНИПДатаИспр^@ГРНИП,true
,,,Файл^Документ^СвИП^СвОКВЭД^СвОКВЭДДоп^СвДоляОКВЭД^ГРНИПДатаИспр^@ДатаЗаписи,true
,,,Файл^Документ^СвИП^СвЛицензия^@НомерЕРУЛ,true
,,,Файл^Документ^СвИП^СвЛицензия^@ДатаОкончЛиц,true
,,,Файл^Документ^СвИП^СвЛицензия^ГРНИПДатаИспр^@ГРНИП,true
,,,Файл^Документ^СвИП^СвЛицензия^ГРНИПДатаИспр^@ДатаЗаписи,true
,,,Файл^Документ^СвИП^СвЛицензия^СвПриостЛиц^@ДатаПриостЛиц,true
,,,Файл^Документ^СвИП^СвЛицензия^СвПриостЛиц^@ЛицОргПриостЛиц,true
,,,Файл^Документ^СвИП^СвЛицензия^СвПриостЛиц^ГРНИПДата^@ГРНИП,true
,,,Файл^Документ^СвИП^СвЛицензия^СвПриостЛиц^ГРНИПДата^@ДатаЗаписи,true
,,,Файл^Документ^СвИП^СвЛицензия^СвПриостЛиц^ГРНИПДатаИспр^@ГРНИП,true
,,,Файл^Документ^СвИП^СвЛицензия^СвПриостЛиц^ГРНИПДатаИспр^@ДатаЗаписи,true
s_individual_entrepreneur_licenses_info,svlizenzia_grnipdata_grnip,,Файл^Документ^СвИП^СвЛицензия^ГРНИПДата^@ГРНИП,true
s_individual_entrepreneur_licenses_info,svlizenzia_nomliz,,Файл^Документ^СвИП^СвЛицензия^@НомЛиц,true
s_individual_entrepreneur_main_info,ogrnip,,Файл^Документ^СвИП^@ОГРНИП,true
s_individual_entrepreneur_licenses_info,svlizenzia_datanacliz,,Файл^Документ^СвИП^СвЛицензия^@ДатаНачЛиц,true
s_individual_entrepreneur_licenses_info,svlizenzia_dataliz,,Файл^Документ^СвИП^СвЛицензия^@ДатаЛиц,true
s_individual_entrepreneur_email_info,hash_diff,,hash_func,true
,,,Файл^Документ^СвИП^СвЗапЕГРИП^СвРегОрг^@КодНО,true
,,,Файл^Документ^СвИП^СвЗапЕГРИП^СвРегОрг^@НаимНО,true
,,,Файл^Документ^СвИП^СвЗапЕГРИП^СвСвид^ГРНИПДатаСвидНед^@ГРНИП,true
,,,Файл^Документ^СвИП^СвЗапЕГРИП^СвСвид^ГРНИПДатаСвидНед^@ДатаЗаписи,true
,,,Файл^Документ^СвИП^СвЗапЕГРИП^ГРНИПДатаИспрПред^@ИдЗап,true
,,,Файл^Документ^СвИП^СвЗапЕГРИП^ГРНИПДатаИспрПред^@ГРНИП,true
,,,Файл^Документ^СвИП^СвЗапЕГРИП^ГРНИПДатаИспрПред^@ДатаЗап,true
,,,Файл^Документ^СвИП^СвЗапЕГРИП^СвСтатусЗап^ГРНИПДатаИспр^@ИдЗап,true
,,,Файл^Документ^СвИП^СвЗапЕГРИП^СвСтатусЗап^ГРНИПДатаИспр^@ГРНИП,true
,,,Файл^Документ^СвИП^СвЗапЕГРИП^СвСтатусЗап^ГРНИПДатаИспр^@ДатаЗап,true
h_individual_entrepreneur_egrip_main,individual_entrepreneur_pk,,hash_func,true
h_individual_entrepreneur_egrip_main,load_dtm,,now_f,true
h_individual_entrepreneur_egrip_main,rec_src,,EGRIP,true
h_individual_entrepreneur_egrip_main,statement_dt,,statement_dt,true
h_individual_entrepreneur_egrip_main,ogrnip,,Файл^Документ^СвИП^@ОГРНИП,true
h_individual_entrepreneur_egrip_main,ogrnip_dt,,Файл^Документ^СвИП^@ДатаОГРНИП,true
h_individual_entrepreneur_egrip_main,innfl,,Файл^Документ^СвИП^@ИННФЛ,true
h_individual_entrepreneur_egrip_main,vid_ip_code,,Файл^Документ^СвИП^@КодВидИП,true
h_individual_entrepreneur_egrip_main,vid_ip_name,,Файл^Документ^СвИП^@НаимВидИП,true
s_individual_entrepreneur_email_info,individual_entrepreneur_pk,,hash_func,true
s_individual_entrepreneur_email_info,load_dtm,,now_f,true
s_individual_entrepreneur_email_info,rec_src,,EGRIP,true
s_individual_entrepreneur_licenses_info,svlizenzia_grnipdata_valid_from,,Файл^Документ^СвИП^СвЛицензия^ГРНИПДата^@ДатаЗаписи,true
s_individual_entrepreneur_licenses_info,svlizenzia_lizorgvydliz,,Файл^Документ^СвИП^СвЛицензия^@ЛицОргВыдЛиц,true
s_individual_entrepreneur_licenses_info,svlizenzia_naimlizviddeat,,Файл^Документ^СвИП^СвЛицензия^@НаимЛицВидДеят,true
s_individual_entrepreneur_email_info,ogrnip,,Файл^Документ^СвИП^@ОГРНИП,true
s_individual_entrepreneur_citizenship_info,ogrnip,,Файл^Документ^СвИП^@ОГРНИП,true
s_individual_entrepreneur_citizenship_info,individual_entrepreneur_pk,,hash_func,true
s_individual_entrepreneur_citizenship_info,load_dtm,,now_f,true
s_individual_entrepreneur_citizenship_info,rec_src,,EGRIP,true
s_individual_entrepreneur_citizenship_info,statement_dt,,statement_dt,true
s_individual_entrepreneur_licenses_info,ogrnip,,Файл^Документ^СвИП^@ОГРНИП,true
s_individual_entrepreneur_licenses_info,individual_entrepreneur_pk,,hash_func,true
s_individual_entrepreneur_licenses_info,load_dtm,,now_f,true
s_individual_entrepreneur_licenses_info,rec_src,,EGRIP,true
s_individual_entrepreneur_licenses_info,statement_dt,,statement_dt,true
s_individual_entrepreneur_okveds_info,ogrnip,,Файл^Документ^СвИП^@ОГРНИП,true
s_individual_entrepreneur_okveds_info,individual_entrepreneur_pk,,hash_func,true
s_individual_entrepreneur_egrip_history,svzapegrip_svsvid_datavydsvid,,Файл^Документ^СвИП^СвЗапЕГРИП^СвСвид^@ДатаВыдСвид,true
s_individual_entrepreneur_citizenship_info,svgrajd_vidgrajd,,Файл^Документ^СвИП^СвГражд^@ВидГражд,true
s_individual_entrepreneur_citizenship_info,svgrajd_naimstran,,Файл^Документ^СвИП^СвГражд^@НаимСтран,true
s_individual_entrepreneur_egrip_history,svzapegrip_grnipdatanedpred_grnip,,Файл^Документ^СвИП^СвЗапЕГРИП^ГРНИПДатаНедПред^@ГРНИП,true
s_individual_entrepreneur_citizenship_info,svgrajd_grnipdata_valid_from,,Файл^Документ^СвИП^СвГражд^ГРНИПДата^@ДатаЗаписи,true
s_individual_entrepreneur_email_info,svadrelpocty_grnipdata_valid_from,,Файл^Документ^СвИП^СвАдрЭлПочты^ГРНИПДата^@ДатаЗаписи,true
s_individual_entrepreneur_egrip_history,ogrnip,,Файл^Документ^СвИП^@ОГРНИП,true
s_individual_entrepreneur_egrip_history,individual_entrepreneur_pk,,hash_func,true
s_individual_entrepreneur_egrip_history,load_dtm,,now_f,true
s_individual_entrepreneur_egrip_history,rec_src,,EGRIP,true
s_individual_entrepreneur_egrip_history,statement_dt,,statement_dt,true
s_individual_entrepreneur_okveds_info,load_dtm,,now_f,true
s_individual_entrepreneur_okveds_info,rec_src,,EGRIP,true
s_individual_entrepreneur_okveds_info,statement_dt,,statement_dt,true
s_individual_entrepreneur_okveds_info,svokved_svokveddop_grnipdata_valid_from,,Файл^Документ^СвИП^СвОКВЭД^СвОКВЭДДоп^ГРНИПДата^@ДатаЗаписи,true
s_individual_entrepreneur_egrip_history,svzapegrip_grnip,,Файл^Документ^СвИП^СвЗапЕГРИП^@ГРНИП,true
s_individual_entrepreneur_okveds_info,svokved_svokveddop_grnipdata_grnip,,Файл^Документ^СвИП^СвОКВЭД^СвОКВЭДДоп^ГРНИПДата^@ГРНИП,true
s_individual_entrepreneur_citizenship_info,svgrajd_oksm,,Файл^Документ^СвИП^СвГражд^@ОКСМ,true
s_individual_entrepreneur_egrip_history,svzapegrip_grnipdatanedpred_idzap,,Файл^Документ^СвИП^СвЗапЕГРИП^ГРНИПДатаНедПред^@ИдЗап,true
s_individual_entrepreneur_egrip_history,svzapegrip_grnipdatanedpred_datazap,,Файл^Документ^СвИП^СвЗапЕГРИП^ГРНИПДатаНедПред^@ДатаЗап,true
s_individual_entrepreneur_egrip_history,svzapegrip_vidzap_naimvidzap,,Файл^Документ^СвИП^СвЗапЕГРИП^ВидЗап^@НаимВидЗап,true
s_individual_entrepreneur_egrip_history,svzapegrip_vidzap_kodspvz,,Файл^Документ^СвИП^СвЗапЕГРИП^ВидЗап^@КодСПВЗ,true
s_individual_entrepreneur_egrip_history,svzapegrip_idzap,,Файл^Документ^СвИП^СвЗапЕГРИП^@ИдЗап,true
s_individual_entrepreneur_egrip_history,svzapegrip_datazap,,Файл^Документ^СвИП^СвЗапЕГРИП^@ДатаЗап,true
s_individual_entrepreneur_egrip_history,svzapegrip_svsvid_nomer,,Файл^Документ^СвИП^СвЗапЕГРИП^СвСвид^@Номер,true
s_individual_entrepreneur_egrip_history,svzapegrip_svsvid_seria,,Файл^Документ^СвИП^СвЗапЕГРИП^СвСвид^@Серия,true
s_individual_entrepreneur_egrip_history,svzapegrip_svstatuszap_grnipdataned_datazap,,Файл^Документ^СвИП^СвЗапЕГРИП^СвСтатусЗап^ГРНИПДатаНед^@ДатаЗап,true
s_individual_entrepreneur_egrip_history,svzapegrip_svstatuszap_grnipdataned_idzap,,Файл^Документ^СвИП^СвЗапЕГРИП^СвСтатусЗап^ГРНИПДатаНед^@ИдЗап,true
s_individual_entrepreneur_okveds_info,svokved_svokveddop_kodokved,,Файл^Документ^СвИП^СвОКВЭД^СвОКВЭДДоп^@КодОКВЭД,true
s_individual_entrepreneur_okveds_info,svokved_svokveddop_prversokved,,Файл^Документ^СвИП^СвОКВЭД^СвОКВЭДДоп^@ПрВерсОКВЭД,true
s_individual_entrepreneur_okveds_info,svokved_svokvedosn_kodokved,,Файл^Документ^СвИП^СвОКВЭД^СвОКВЭДОсн^@КодОКВЭД,true
s_individual_entrepreneur_okveds_info,svokved_svokvedosn_naimokved,,Файл^Документ^СвИП^СвОКВЭД^СвОКВЭДОсн^@НаимОКВЭД,true
s_individual_entrepreneur_okveds_info,svokved_svokvedosn_prversokved,,Файл^Документ^СвИП^СвОКВЭД^СвОКВЭДОсн^@ПрВерсОКВЭД,true
s_individual_entrepreneur_egrip_history,svzapegrip_svedpreddok_datadok,,Файл^Документ^СвИП^СвЗапЕГРИП^СведПредДок^ДатаДок,true
s_individual_entrepreneur_egrip_history,svzapegrip_svedpreddok_naimdok,,Файл^Документ^СвИП^СвЗапЕГРИП^СведПредДок^НаимДок,true
s_individual_entrepreneur_egrip_history,svzapegrip_svedpreddok_nomdok,,Файл^Документ^СвИП^СвЗапЕГРИП^СведПредДок^НомДок,true
s_individual_entrepreneur_okveds_info,svokved_svokveddop_naimokved,,Файл^Документ^СвИП^СвОКВЭД^СвОКВЭДДоп^@НаимОКВЭД,true
s_individual_entrepreneur_okveds_info,svokved_svokvedosn_grnipdata_valid_from,,Файл^Документ^СвИП^СвОКВЭД^СвОКВЭДОсн^ГРНИПДата^@ДатаЗаписи,true
s_individual_entrepreneur_is_liquidated_info,ogrnip,,Файл^Документ^СвИП^@ОГРНИП,true
s_individual_entrepreneur_is_liquidated_info,individual_entrepreneur_pk,,hash_func,true
s_individual_entrepreneur_is_liquidated_info,load_dtm,,now_f,true
s_individual_entrepreneur_is_liquidated_info,rec_src,,EGRIP,true
s_individual_entrepreneur_is_liquidated_info,statement_dt,,statement_dt,true
s_individual_entrepreneur_state_info,ogrnip,,Файл^Документ^СвИП^@ОГРНИП,true
s_individual_entrepreneur_state_info,individual_entrepreneur_pk,,hash_func,true
s_individual_entrepreneur_state_info,load_dtm,,now_f,true
s_individual_entrepreneur_state_info,rec_src,,EGRIP,true
s_individual_entrepreneur_state_info,statement_dt,,statement_dt,true
s_individual_entrepreneur_registration_info,ogrnip,,Файл^Документ^СвИП^@ОГРНИП,true
s_individual_entrepreneur_registration_info,individual_entrepreneur_pk,,hash_func,true
s_individual_entrepreneur_registration_info,load_dtm,,now_f,true
s_individual_entrepreneur_registration_info,rec_src,,EGRIP,true
s_individual_entrepreneur_registration_info,statement_dt,,statement_dt,true
s_individual_entrepreneur_registration_info,svregip_svkfh_grnipdata_valid_from,,Файл^Документ^СвИП^СвРегИП^СвКФХ^ГРНИПДата^@ДатаЗаписи,true
s_individual_entrepreneur_registrator_info,ogrnip,,Файл^Документ^СвИП^@ОГРНИП,true
s_individual_entrepreneur_registrator_info,individual_entrepreneur_pk,,hash_func,true
s_individual_entrepreneur_registrator_info,load_dtm,,now_f,true
s_individual_entrepreneur_registrator_info,rec_src,,EGRIP,true
s_individual_entrepreneur_registrator_info,statement_dt,,statement_dt,true
s_individual_entrepreneur_pension_fund_info,ogrnip,,Файл^Документ^СвИП^@ОГРНИП,true
s_individual_entrepreneur_pension_fund_info,individual_entrepreneur_pk,,hash_func,true
s_individual_entrepreneur_pension_fund_info,load_dtm,,now_f,true
s_individual_entrepreneur_pension_fund_info,rec_src,,EGRIP,true
s_individual_entrepreneur_pension_fund_info,statement_dt,,statement_dt,true
s_individual_entrepreneur_social_insurance_fund_info,ogrnip,,Файл^Документ^СвИП^@ОГРНИП,true
s_individual_entrepreneur_social_insurance_fund_info,individual_entrepreneur_pk,,hash_func,true
s_individual_entrepreneur_social_insurance_fund_info,load_dtm,,now_f,true
s_individual_entrepreneur_social_insurance_fund_info,rec_src,,EGRIP,true
s_individual_entrepreneur_social_insurance_fund_info,statement_dt,,statement_dt,true
s_individual_entrepreneur_social_insurance_fund_info,svregfss_grnipdata_valid_from,,Файл^Документ^СвИП^СвРегФСС^ГРНИПДата^@ДатаЗаписи,true
s_individual_entrepreneur_social_insurance_fund_info,svregfss_svorgfss__kodfss,,Файл^Документ^СвИП^СвРегФСС^СвОргФСС^@КодФСС,true
s_individual_entrepreneur_individual_info,ogrnip,,Файл^Документ^СвИП^@ОГРНИП,true
s_individual_entrepreneur_individual_info,individual_entrepreneur_pk,,hash_func,true
s_individual_entrepreneur_individual_info,load_dtm,,now_f,true
s_individual_entrepreneur_individual_info,rec_src,,EGRIP,true
s_individual_entrepreneur_individual_info,statement_dt,,statement_dt,true
s_individual_entrepreneur_registration_info,svregip_svkfh_grnipdata_grnip,,Файл^Документ^СвИП^СвРегИП^СвКФХ^ГРНИПДата^@ГРНИП,true
s_individual_entrepreneur_main_info,individual_entrepreneur_pk,,hash_func,true
s_individual_entrepreneur_individual_info,svfl_fiolat_otcestvo,,Файл^Документ^СвИП^СвФЛ^ФИОЛат^@Отчество,true
s_individual_entrepreneur_individual_info,svfl_fiolat_familia,,Файл^Документ^СвИП^СвФЛ^ФИОЛат^@Фамилия,true
s_individual_entrepreneur_pension_fund_info,svregpf_svorgpf_naimpf,,Файл^Документ^СвИП^СвРегПФ^СвОргПФ^@НаимПФ,true
s_individual_entrepreneur_pension_fund_info,svregpf_svorgpf_kodpf,,Файл^Документ^СвИП^СвРегПФ^СвОргПФ^@КодПФ,true
s_individual_entrepreneur_registration_info,svregip_datareg,,Файл^Документ^СвИП^СвРегИП^@ДатаРег,true
s_individual_entrepreneur_registration_info,svregip_naimro,,Файл^Документ^СвИП^СвРегИП^@НаимРО,true
s_individual_entrepreneur_registration_info,svregip_regnom,,Файл^Документ^СвИП^СвРегИП^@РегНом,true
s_individual_entrepreneur_social_insurance_fund_info,svregfss_svorgfss_naimfss,,Файл^Документ^СвИП^СвРегФСС^СвОргФСС^@НаимФСС,true
s_individual_entrepreneur_individual_info,svfl_fiolat_ima,,Файл^Документ^СвИП^СвФЛ^ФИОЛат^@Имя,true
s_individual_entrepreneur_registration_info,svregip_ogrnip,,Файл^Документ^СвИП^СвРегИП^@ОГРНИП,true
s_individual_entrepreneur_registration_info,svregip_svkfh_inn,,Файл^Документ^СвИП^СвРегИП^СвКФХ^@ИНН,true
s_individual_entrepreneur_registration_info,svregip_svkfh_naimulpoln,,Файл^Документ^СвИП^СвРегИП^СвКФХ^@НаимЮЛПолн,true
s_individual_entrepreneur_registration_info,svregip_svkfh_ogrn,,Файл^Документ^СвИП^СвРегИП^СвКФХ^@ОГРН,true
s_individual_entrepreneur_tax_authority_registration_info,individual_entrepreneur_pk,,hash_func,true
s_individual_entrepreneur_tax_authority_registration_info,load_dtm,,now_f,true
s_individual_entrepreneur_tax_authority_registration_info,ogrnip,,Файл^Документ^СвИП^@ОГРНИП,true
s_individual_entrepreneur_tax_authority_registration_info,rec_src,,EGRIP,true
s_individual_entrepreneur_tax_authority_registration_info,statement_dt,,statement_dt,true
s_individual_entrepreneur_tax_authority_registration_info,svucetno_svno_kodno,,Файл^Документ^СвИП^СвУчетНО^СвНО^@КодНО,true
s_individual_entrepreneur_individual_info,svfl_fiorus_familia,,Файл^Документ^СвИП^СвФЛ^ФИОРус^@Фамилия,true
s_individual_entrepreneur_registration_info,hash_diff,,hash_func,true
s_individual_entrepreneur_registrator_info,hash_diff,,hash_func,true
s_individual_entrepreneur_state_info,hash_diff,,hash_func,true
s_individual_entrepreneur_pension_fund_info,hash_diff,,hash_func,true
s_individual_entrepreneur_social_insurance_fund_info,hash_diff,,hash_func,true
s_individual_entrepreneur_tax_authority_registration_info,hash_diff,,hash_func,true
s_individual_entrepreneur_tax_authority_registration_info,svucetno_svno_naimno,,Файл^Документ^СвИП^СвУчетНО^СвНО^@НаимНО,true
s_individual_entrepreneur_individual_info,svfl_fiorus_ima,,Файл^Документ^СвИП^СвФЛ^ФИОРус^@Имя,true
s_individual_entrepreneur_individual_info,svfl_fiorus_otcestvo,,Файл^Документ^СвИП^СвФЛ^ФИОРус^@Отчество,true
s_individual_entrepreneur_individual_info,hash_diff,,hash_func,true
s_individual_entrepreneur_address_info,svadrmj_adresrf_rajon_naimrajon,,Файл^Документ^СвИП^СвАдрМЖ^АдресРФ^Район^@НаимРайон,true
s_individual_entrepreneur_address_info,svadrmj_adresrf_rajon_tiprajon,,Файл^Документ^СвИП^СвАдрМЖ^АдресРФ^Район^@ТипРайон,true
s_individual_entrepreneur_address_info,svadrmj_adresrf_region_naimregion,,Файл^Документ^СвИП^СвАдрМЖ^АдресРФ^Регион^@НаимРегион,true
s_individual_entrepreneur_address_info,svadrmj_adresrf_region_tipregion,,Файл^Документ^СвИП^СвАдрМЖ^АдресРФ^Регион^@ТипРегион,true
s_individual_entrepreneur_address_fias_info,ogrnip,,Файл^Документ^СвИП^@ОГРНИП,true
s_individual_entrepreneur_address_fias_info,individual_entrepreneur_pk,,hash_func,true
s_individual_entrepreneur_address_fias_info,load_dtm,,now_f,true
s_individual_entrepreneur_address_fias_info,rec_src,,EGRIP,true
s_individual_entrepreneur_address_fias_info,statement_dt,,statement_dt,true
s_individual_entrepreneur_address_fias_info,svadrmj_adresmjfias_gorodselposel_vidcod,,Файл^Документ^СвИП^СвАдрМЖ^АдрМЖФИАС^ГородСелПоселен^@ВидКод,true
s_individual_entrepreneur_address_fias_info,svadrmj_adresmjfias_naselpunkt_naimnaselpunkt,,Файл^Документ^СвИП^СвАдрМЖ^АдрМЖФИАС^НаселенПункт^@Наим,true
s_individual_entrepreneur_address_fias_info,svadrmj_adresmjfias_naselpunkt_vid,,Файл^Документ^СвИП^СвАдрМЖ^АдрМЖФИАС^НаселенПункт^@Вид,true
s_individual_entrepreneur_address_fias_info,svadrmj_adresmjfias_naimelplanstruct,,Файл^Документ^СвИП^СвАдрМЖ^АдрМЖФИАС^ЭлПланСтруктур^@Наим,true
s_individual_entrepreneur_address_fias_info,vadrmj_adresmjfias_tipelplanstruct,,Файл^Документ^СвИП^СвАдрМЖ^АдрМЖФИАС^ЭлПланСтруктур^@Тип,true
s_individual_entrepreneur_address_fias_info,svadrmj_adresmjfias_tipuldorset,,Файл^Документ^СвИП^СвАдрМЖ^АдрМЖФИАС^ЭлУлДорСети^@Тип,true
s_individual_entrepreneur_address_fias_info,svadrmj_adresmjfias_naimuldorset,,Файл^Документ^СвИП^СвАдрМЖ^АдрМЖФИАС^ЭлУлДорСети^@Наим,true
s_individual_entrepreneur_address_fias_info,svadrmj_adresmjfias_zdanienomer,,Файл^Документ^СвИП^СвАдрМЖ^АдрМЖФИАС^Здание^@Номер,true
s_individual_entrepreneur_address_fias_info,svadrmj_adresmjfias_zdanietip,,Файл^Документ^СвИП^СвАдрМЖ^АдрМЖФИАС^Здание^@Тип,true
s_individual_entrepreneur_address_fias_info,svadrmj_adresmjfias_nomerpomzdanie,,Файл^Документ^СвИП^СвАдрМЖ^АдрМЖФИАС^ПомещЗдания^@Номер,true
s_individual_entrepreneur_main_info,innfl,,Файл^Документ^СвИП^@ИННФЛ,true
s_individual_entrepreneur_main_info,vid_ip_code,,Файл^Документ^СвИП^@КодВидИП,true
s_individual_entrepreneur_main_info,load_dtm,,now_f,true
s_individual_entrepreneur_main_info,rec_src,,EGRIP,true
s_individual_entrepreneur_main_info,statement_dt,,statement_dt,true
s_individual_entrepreneur_main_info,hash_diff,,hash_func,true
s_individual_entrepreneur_address_fias_info,svadrmj_adresmjfias_tippomzdanie,,Файл^Документ^СвИП^СвАдрМЖ^АдрМЖФИАС^ПомещЗдания^@Тип,true
s_individual_entrepreneur_address_fias_info,svadrmj_adresmjfias_tippomkvart,,Файл^Документ^СвИП^СвАдрМЖ^АдрМЖФИАС^ПомещКвартиры^@Тип,true
s_individual_entrepreneur_address_fias_info,svadrmj_adresmjfias_nomerpomkvart,,Файл^Документ^СвИП^СвАдрМЖ^АдрМЖФИАС^ПомещКвартиры^@Номер,true
s_individual_entrepreneur_address_fias_info,svadrmj_grnipdata_valid_from,,Файл^Документ^СвИП^СвАдрМЖ^ГРНИПДата^@ДатаЗаписи,true
s_individual_entrepreneur_address_fias_info,svadrmj_grnipdata_grnip,,Файл^Документ^СвИП^СвАдрМЖ^ГРНИПДата^@ГРНИП,true
