"name_tbl","name_fld","format_4_01","format_4_07","is_active_format_4_07"
s_local_company_address_info,svadresul_adresrf_kvart,,Файл^Документ^СвЮЛ^СвАдресЮЛ^АдресРФ^@Кварт,true
h_local_company_egrul_main,ogrn_dt,,Файл^Документ^СвЮЛ^@ДатаОГРН,true
h_local_company_egrul_main,load_dtm,,now_f,true
h_local_company_egrul_main,rec_src,,EGRUL,true
h_local_company_egrul_main,inn,,Файл^Документ^СвЮЛ^@ИНН,true
h_local_company_egrul_main,kpp,,Файл^Документ^СвЮЛ^@КПП,true
h_local_company_egrul_main,opf_code,,Файл^Документ^СвЮЛ^@КодОПФ,true
s_local_company_email_info,ogrn,,ogrn,true
h_local_company_egrul_main,opf_full_name,,Файл^Документ^СвЮЛ^@ПолнНаимОПФ,true
h_local_company_egrul_main,opf_catalog,,Файл^Документ^СвЮЛ^@СпрОПФ,true
h_local_company_egrul_main,local_company_pk,,hash_func,true
s_local_company_address_info,svadresul_adresrf_uliza_naimuliza,,Файл^Документ^СвЮЛ^СвАдресЮЛ^АдресРФ^Улица^@НаимУлица,true
s_local_company_address_info,svadresul_adresrf_korpus,,Файл^Документ^СвЮЛ^СвАдресЮЛ^АдресРФ^@Корпус,true
s_local_company_legal_name,local_company_pk,,hash_func,true
s_local_company_legal_name,load_dtm,,now_f,true
s_local_company_legal_name,rec_src,,EGRUL,true
s_local_company_legal_name,svnaimul_naimulpoln,,Файл^Документ^СвЮЛ^СвНаимЮЛ^@НаимЮЛПолн,true
s_local_company_legal_name,svnaimul_naimulsokr,,Файл^Документ^СвЮЛ^СвНаимЮЛ^СвНаимЮЛСокр^@НаимСокр,true
s_local_company_legal_name,svnaimul_grndata_grn,,Файл^Документ^СвЮЛ^СвНаимЮЛ^СвНаимЮЛСокр^ГРНДата^@ГРН,true
s_local_company_legal_name,svnaimul_grndata_valid_from,,Файл^Документ^СвЮЛ^СвНаимЮЛ^СвНаимЮЛСокр^ГРНДата^@ДатаЗаписи,true
h_local_company_egrul_main,statement_dt,,statement_dt,true
s_local_company_address_info,svadresul_adresrf_naselpunkt_naimnaselpunkt,,Файл^Документ^СвЮЛ^СвАдресЮЛ^АдресРФ^НаселПункт^@НаимНаселПункт,true
s_local_company_legal_name,hash_diff,,hash_diff,true
s_local_company_email_info,svadrelpocty_email,,Файл^Документ^СвЮЛ^СвАдрЭлПочты^@E-mail,true
s_local_company_email_info,svadrelpocty_grndata_grn,,Файл^Документ^СвЮЛ^СвАдрЭлПочты^ГРНДата^@ГРН,true
s_local_company_email_info,svadrelpocty_grndata_valid_from,,Файл^Документ^СвЮЛ^СвАдрЭлПочты^ГРНДата^@ДатаЗаписи,true
s_local_company_email_info,local_company_pk,,hash_func,true
s_local_company_email_info,load_dtm,,now_f,true
s_local_company_email_info,rec_src,,EGRUL,true
s_local_company_address_info,svadresul_svnedadresul_grndata_grn,,Файл^Документ^СвЮЛ^СвАдресЮЛ^СвНедАдресЮЛ^ГРНДата^@ГРН,true
s_local_company_address_info,svadresul_adresrf_gorod_naimgorod,,Файл^Документ^СвЮЛ^СвАдресЮЛ^АдресРФ^Город^@НаимГород,true
s_local_company_address_info,svadresul_adresrf_rajon_tiprajon,,Файл^Документ^СвЮЛ^СвАдресЮЛ^АдресРФ^Район^@ТипРайон,true
s_local_company_address_info,svadresul_adresrf_uliza_tipuliza,,Файл^Документ^СвЮЛ^СвАдресЮЛ^АдресРФ^Улица^@ТипУлица,true
s_local_company_address_info,svadresul_adresrf_kodadrkladr,,Файл^Документ^СвЮЛ^СвАдресЮЛ^АдресРФ^@КодАдрКладр,true
s_local_company_address_info,svadresul_adresrf_gorod_tipgorod,,Файл^Документ^СвЮЛ^СвАдресЮЛ^АдресРФ^Город^@ТипГород,true
s_local_company_address_info,svadresul_adresrf_grndata_valid_from,,Файл^Документ^СвЮЛ^СвАдресЮЛ^АдресРФ^ГРНДата^@ДатаЗаписи,true
s_local_company_address_info,svadresul_adresrf_kodregion,,Файл^Документ^СвЮЛ^СвАдресЮЛ^АдресРФ^@КодРегион,true
s_local_company_address_info,svadresul_adresrf_dom,,Файл^Документ^СвЮЛ^СвАдресЮЛ^АдресРФ^@Дом,true
s_local_company_address_info,svadresul_adresrf_rajon_naimrajon,,Файл^Документ^СвЮЛ^СвАдресЮЛ^АдресРФ^Район^@НаимРайон,true
s_local_company_address_info,svadresul_svnedadresul_priznnedadresul,,Файл^Документ^СвЮЛ^СвАдресЮЛ^СвНедАдресЮЛ^@ПризнНедАдресЮЛ,true
s_local_company_address_info,svadresul_svnedadresul_tekstnedadresul,,Файл^Документ^СвЮЛ^СвАдресЮЛ^СвНедАдресЮЛ^@ТекстНедАдресЮЛ,true
s_local_company_address_info,svadresul_adresrf_indeks,,Файл^Документ^СвЮЛ^СвАдресЮЛ^АдресРФ^@Индекс,true
s_local_company_address_info,svadresul_adresrf_region_tipregion,,Файл^Документ^СвЮЛ^СвАдресЮЛ^АдресРФ^Регион^@ТипРегион,true
s_local_company_address_info,svadresul_adresrf_naselpunkt_tipnaselpunkt,,Файл^Документ^СвЮЛ^СвАдресЮЛ^АдресРФ^НаселПункт^@ТипНаселПункт,true
s_local_company_email_info,hash_diff,,hash_diff,true
h_local_company_egrul_main,ogrn,,ogrn,true
s_local_company_legal_name,ogrn,,ogrn,true
s_local_company_legal_name,statement_dt,,statement_dt,false
s_local_company_address_info,svadresul_svresizmmn_region_tipregion,,Файл^Документ^СвЮЛ^СвАдресЮЛ^СвРешИзмМН^@ТипРегион,true
s_local_company_address_fias_info,svadresul_svnedadresul_priznnedadresul,,Файл^Документ^СвЮЛ^СвАдресЮЛ^СвНедАдресЮЛ^@ПризнНедАдресЮЛ,true
s_local_company_address_fias_info,svadresul_adresfias_indeks,,Файл^Документ^СвЮЛ^СвАдресЮЛ^СвАдрЮЛФИАС^@Индекс,true
s_local_company_address_info,svadresul_svresizmmn_grndata_grn,,Файл^Документ^СвЮЛ^СвАдресЮЛ^СвРешИзмМН^ГРНДата^@ГРН,true
s_local_company_address_fias_info,svadresul_adresfias_idnom,,Файл^Документ^СвЮЛ^СвАдресЮЛ^СвАдрЮЛФИАС^@ИдНом,true
s_local_company_address_fias_info,svadresul_adresfias_naselpunkt_vid,,Файл^Документ^СвЮЛ^СвАдресЮЛ^СвАдрЮЛФИАС^НаселенПункт^@Вид,true
s_local_company_tax_authority_registration_info,rec_src,,EGRUL,true
s_local_company_address_info,svadresul_adresrf_grndata_grn,,Файл^Документ^СвЮЛ^СвАдресЮЛ^АдресРФ^ГРНДата^@ГРН,true
s_local_company_address_info,local_company_pk,,hash_func,true
s_local_company_address_info,load_dtm,,now_f,true
s_local_company_address_info,rec_src,,EGRUL,true
s_local_company_address_info,ogrn,,ogrn,true
s_local_company_address_fias_info,svadresul_adresfias_gorodselposel_vidcod,,Файл^Документ^СвЮЛ^СвАдресЮЛ^СвАдрЮЛФИАС^ГородСелПоселен^@ВидКод,true
s_local_company_address_info,svadresul_svresizmmn_gorod_naimgorod,,Файл^Документ^СвЮЛ^СвАдресЮЛ^СвРешИзмМН^@НаимГород,true
s_local_company_address_info,svadresul_svresizmmn_gorod_tipgorod,,Файл^Документ^СвЮЛ^СвАдресЮЛ^СвРешИзмМН^@ТипГород,true
s_local_company_address_fias_info,svadresul_svresizmmn_grndata_grn,,Файл^Документ^СвЮЛ^СвАдресЮЛ^СвРешИзмМН^@ГРН,true
s_local_company_address_info,svadresul_svresizmmn_naselpunkt_naimnaselpunkt,,Файл^Документ^СвЮЛ^СвАдресЮЛ^СвРешИзмМН@НаимНаселПункт,true
s_local_company_address_fias_info,svadresul_adresfias_rajon_naimrajon,,Файл^Документ^СвЮЛ^СвАдресЮЛ^СвАдрЮЛФИАС^МуниципРайон^@Наим,true
s_local_company_address_info,svadresul_svresizmmn_rajon_tiprajon,,Файл^Документ^СвЮЛ^СвАдресЮЛ^СвРешИзмМН^@ТипРайон,true
s_local_company_address_fias_info,svadresul_adresfias_kodregion,,Файл^Документ^СвЮЛ^СвАдресЮЛ^СвАдрЮЛФИАС^Регион,true
s_local_company_address_info,svadresul_svnedadresul_ressudnedadr_naimsuda,,Файл^Документ^СвЮЛ^СвАдресЮЛ^СвНедАдресЮЛ@^РешСудНедАдр^@НаимСуда,true
s_local_company_address_fias_info,svadresul_svnedadresul_grndata_grn,,Файл^Документ^СвЮЛ^СвАдресЮЛ^СвНедАдресЮЛ^ГРНДата^@ГРН,true
s_local_company_address_info,svadresul_svresizmmn_rajon_naimrajon,,Файл^Документ^СвЮЛ^СвАдресЮЛ^СвРешИзмМН^@НаимРайон,true
s_local_company_address_info,svadresul_svresizmmn_naselpunkt_tipnaselpunkt,,Файл^Документ^СвЮЛ^СвАдресЮЛ^СвРешИзмМН^@ТипНаселПункт,true
s_local_company_address_fias_info,svadresul_adresfias_gorodselposel_naimgorod,,Файл^Документ^СвЮЛ^СвАдресЮЛ^СвАдрЮЛФИАС^ГородСелПоселен^@Наим,true
s_local_company_address_info,svadresul_svresizmmn_region_naimregion,,Файл^Документ^СвЮЛ^СвАдресЮЛ^СвРешИзмМН^@НаимРегион,true
s_local_company_address_info,svadresul_svresizmmn_grndata_valid_from,,Файл^Документ^СвЮЛ^СвАдресЮЛ^СвРешИзмМН^@ДатаЗаписи,true
s_local_company_address_fias_info,svadresul_adresfias_grndata_valid_from,,Файл^Документ^СвЮЛ^СвАдресЮЛ^СвАдрЮЛФИАС^ГРНДата^@ДатаЗаписи,true
s_local_company_address_info,svadresul_svnedadresul_ressudnedadr_nomer,,Файл^Документ^СвЮЛ^СвАдресЮЛ^СвНедАдресЮЛ^РешСудНедАдр^@Номер,true
s_local_company_address_info,svadresul_adresrf_region_naimregion,,Файл^Документ^СвЮЛ^СвАдресЮЛ^АдресРФ^Регион^@НаимРегион,true
s_local_company_address_fias_info,svadresul_adresfias_rajon_vidkod,,Файл^Документ^СвЮЛ^СвАдресЮЛ^СвАдрЮЛФИАС^МуниципРайон^@ВидКод,true
s_local_company_address_fias_info,svadresul_svnedadresul_tekstnedadresul,,Файл^Документ^СвЮЛ^СвАдресЮЛ^СвНедАдресЮЛ^@ТекстНедАдресЮЛ,true
s_local_company_address_info,svadresul_svresizmmn_tekstresizmmn,,Файл^Документ^СвЮЛ^СвАдресЮЛ^СвРешИзмМН^@ТекстРешИзмМН,true
s_local_company_address_info,svadresul_svnedadresul_ressudnedadr_data,,Файл^Документ^СвЮЛ^СвАдресЮЛ^СвНедАдресЮЛ^РешСудНедАдр^@Дата,true
s_local_company_address_info,hash_diff,,hash_diff,true
s_local_company_address_info,svadresul_svnedadresul_grndata_valid_from,,Файл^Документ^СвЮЛ^СвАдресЮЛ^СвНедАдресЮЛ^ГРНДата^@ДатаЗаписи,true
s_local_company_address_fias_info,local_company_pk,,hash_func,true
s_local_company_address_fias_info,load_dtm,,now_f,true
s_local_company_address_fias_info,rec_src,,EGRUL,true
s_local_company_address_fias_info,svadresul_adresfias_tippomkvart,,Файл^Документ^СвЮЛ^СвАдресЮЛ^СвАдрЮЛФИАС^ПомещКвартиры^@Тип,true
s_local_company_address_fias_info,svadresul_svresizmmn_naselpunkt_naimnaselpunkt,,Файл^Документ^СвЮЛ^СвАдресЮЛ^СвРешИзмМН^@НаимНаселПункт,true
s_local_company_address_fias_info,svadresul_svresizmmn_grndata_valid_from,,Файл^Документ^СвЮЛ^СвАдресЮЛ^СвРешИзмМН^@ДатаЗаписи,true
s_local_company_address_fias_info,svadresul_svnedadresul_ressudnedadr_naimsuda,,Файл^Документ^СвЮЛ^СвАдресЮЛ^СвНедАдресЮЛ@^РешСудНедАдр^@НаимСуда,true
s_local_company_registration_info,svobrul_dataogrn,,Файл^Документ^СвЮЛ^СвОбрЮЛ^@ДатаОГРН,true
s_local_company_registration_info,svobrul_datareg,,Файл^Документ^СвЮЛ^СвОбрЮЛ^@ДатаРег,true
s_local_company_registration_info,svobrul_naimro,,Файл^Документ^СвЮЛ^СвОбрЮЛ^@НаимРО,true
s_local_company_registration_info,svobrul_ogrn,,Файл^Документ^СвЮЛ^СвОбрЮЛ^@ОГРН,true
s_local_company_registration_info,svobrul_regnom,,Файл^Документ^СвЮЛ^СвОбрЮЛ^@РегНом,true
s_local_company_attorney_info,local_company_pk,,hash_func,true
s_local_company_address_fias_info,svadresul_adresfias_eluldorseti_tip,,Файл^Документ^СвЮЛ^СвАдресЮЛ^СвАдрЮЛФИАС^ЭлУлДорСети^@Тип,true
s_local_company_address_fias_info,svadresul_adresfias_zdanie_nomer,,Файл^Документ^СвЮЛ^СвАдресЮЛ^СвАдрЮЛФИАС^Здание^@Номер,true
s_local_company_address_fias_info,svadresul_adresfias_zdanie_tip,,Файл^Документ^СвЮЛ^СвАдресЮЛ^СвАдрЮЛФИАС^Здание^@Тип,true
s_local_company_registration_info,svobrul_grndata_grn,,Файл^Документ^СвЮЛ^СвОбрЮЛ^ГРНДата^@ГРН,true
s_local_company_registration_info,svobrul_grndata_valid_from,,Файл^Документ^СвЮЛ^СвОбрЮЛ^ГРНДата^@ДатаЗаписи,true
s_local_company_registration_info,svobrul_spobrul_kodspobrul,,Файл^Документ^СвЮЛ^СвОбрЮЛ^СпОбрЮЛ^@КодСпОбрЮЛ,true
s_local_company_registration_info,local_company_pk,,hash_func,true
s_local_company_registration_info,load_dtm,,now_f,true
s_local_company_registration_info,rec_src,,EGRUL,true
s_local_company_address_fias_info,svadresul_adresfias_naselpunkt_naimnaselpunkt,,Файл^Документ^СвЮЛ^СвАдресЮЛ^СвАдрЮЛФИАС^НаселенПункт^@Наим,true
s_local_company_address_fias_info,svadresul_svresizmmn_naselpunkt_tipnaselpunkt,,Файл^Документ^СвЮЛ^СвАдресЮЛ^СвРешИзмМН^@ТипНаселПункт,true
s_local_company_address_fias_info,svadresul_svresizmmn_tekstresizmmn,,Файл^Документ^СвЮЛ^СвАдресЮЛ^СвРешИзмМН^@ТекстРешИзмМН,true
s_local_company_address_fias_info,svadresul_svresizmmn_gorod_tipgorod,,Файл^Документ^СвЮЛ^СвАдресЮЛ^СвРешИзмМН^@ТипГород,true
s_local_company_address_fias_info,svadresul_svresizmmn_region_naimregion,,Файл^Документ^СвЮЛ^СвАдресЮЛ^СвРешИзмМН^@НаимРегион,true
s_local_company_address_fias_info,svadresul_adresfias_nomerpomkvart,,Файл^Документ^СвЮЛ^СвАдресЮЛ^СвАдрЮЛФИАС^ПомещКвартиры^@Номер,true
s_local_company_address_fias_info,svadresul_svnedadresul_ressudnedadr_data,,Файл^Документ^СвЮЛ^СвАдресЮЛ^СвНедАдресЮЛ^РешСудНедАдр^@Дата,true
s_local_company_address_fias_info,svadresul_svresizmmn_rajon_naimrajon,,Файл^Документ^СвЮЛ^СвАдресЮЛ^СвРешИзмМН^@НаимРайон,true
s_local_company_address_fias_info,svadresul_adresfias_region_naimregion,,Файл^Документ^СвЮЛ^СвАдресЮЛ^СвАдрЮЛФИАС^@НаимРегион,true
s_local_company_address_fias_info,svadresul_svresizmmn_gorod_naimgorod,,Файл^Документ^СвЮЛ^СвАдресЮЛ^СвРешИзмМН^@НаимГород,true
s_local_company_address_fias_info,svadresul_svnedadresul_grndata_valid_from,,Файл^Документ^СвЮЛ^СвАдресЮЛ^СвНедАдресЮЛ^ГРНДата^@ДатаЗаписи,true
s_local_company_address_fias_info,svadresul_svresizmmn_region_tipregion,,Файл^Документ^СвЮЛ^СвАдресЮЛ^СвРешИзмМН^@ТипРегион,true
s_local_company_address_fias_info,hash_diff,,hash_diff,true
s_local_company_address_fias_info,ogrn,,ogrn,true
s_local_company_registration_info,ogrn,,ogrn,true
s_local_company_address_fias_info,svadresul_svresizmmn_rajon_tiprajon,,Файл^Документ^СвЮЛ^СвАдресЮЛ^СвРешИзмМН^@ТипРайон,true
s_local_company_address_fias_info,svadresul_svnedadresul_ressudnedadr_nomer,,Файл^Документ^СвЮЛ^СвАдресЮЛ^СвНедАдресЮЛ@^РешСудНедАдр^@Номер,true
s_local_company_address_fias_info,svadresul_adresfias_grndata_grn,,Файл^Документ^СвЮЛ^СвАдресЮЛ^СвАдрЮЛФИАС^ГРНДата^@ГРН,true
s_local_company_registration_info,svobrul_spobrul_naimspobrul,,Файл^Документ^СвЮЛ^СвОбрЮЛ^СпОбрЮЛ^@НаимСпОбрЮЛ,true
s_local_company_registrator_info,svregorg_kodno,,Файл^Документ^СвЮЛ^СвРегОрг^@КодНО,true
s_local_company_registrator_info,svregorg_naimno,,Файл^Документ^СвЮЛ^СвРегОрг^@НаимНО,true
s_local_company_registrator_info,svregorg_grndata_grn,,Файл^Документ^СвЮЛ^СвРегОрг^ГРНДата^@ГРН,true
s_local_company_registrator_info,svregorg_grndata_valid_from,,Файл^Документ^СвЮЛ^СвРегОрг^ГРНДата^@ДатаЗаписи,true
s_local_company_registrator_info,local_company_pk,,hash_func,true
s_local_company_registrator_info,load_dtm,,now_f,true
s_local_company_registrator_info,rec_src,,EGRUL,true
s_local_company_registrator_info,svregorg_adrro,,"Файл^Документ^""СвЮЛ^СвРегОрг^@АдрРО",true
s_local_company_state_info,svstatus_grndata_grn,,Файл^Документ^СвЮЛ^СвСтатус^ГРНДата^@ГРН,true
s_local_company_state_info,svstatus_grndata_valid_from,,Файл^Документ^СвЮЛ^СвСтатус^ГРНДата^@ДатаЗаписи,true
s_local_company_state_info,svstatus_svresisklul_datapublikazii,,Файл^Документ^СвЮЛ^СвСтатус^СвРешИсклЮЛ^@ДатаПубликации,true
s_local_company_state_info,svstatus_svresisklul_datares,,Файл^Документ^СвЮЛ^СвСтатус^СвРешИсклЮЛ^@ДатаРеш,true
s_local_company_state_info,svstatus_svresisklul_nomerjurnala,,Файл^Документ^СвЮЛ^СвСтатус^СвРешИсклЮЛ^@НомерЖурнала,true
s_local_company_state_info,svstatus_svresisklul_nomerres,,Файл^Документ^СвЮЛ^СвСтатус^СвРешИсклЮЛ^@НомерРеш,true
s_local_company_state_info,svstatus_svstatus_kodstatusul,, Файл^Документ^СвЮЛ^СвСтатус^СвСтатус^@КодСтатусЮЛ,true
s_local_company_state_info,svstatus_svstatus_naimstatusul,,Файл^Документ^СвЮЛ^СвСтатус^СвСтатус^@НаимСтатусЮЛ,true
s_local_company_state_info,local_company_pk,,hash_func,true
s_local_company_state_info,load_dtm,,now_f,true
s_local_company_state_info,rec_src,,EGRUL,true
s_local_company_tax_authority_registration_info,local_company_pk,,hash_func,true
s_local_company_tax_authority_registration_info,load_dtm,,now_f,true
s_local_company_address_fias_info,svadresul_adresfias_pomeszdania_tip,,Файл^Документ^СвЮЛ^СвАдресЮЛ^СвАдрЮЛФИАС^ПомещЗдания^@Тип,true
s_local_company_address_fias_info,svadresul_adresfias_elplanstruktur_naim,,Файл^Документ^СвЮЛ^СвАдресЮЛ^СвАдрЮЛФИАС^ЭлПланСтруктур^@Наим,true
s_local_company_address_fias_info,svadresul_adresfias_pomeskvart_nomer,,Файл^Документ^СвЮЛ^СвАдресЮЛ^СвАдрЮЛФИАС^ПомещЗдания^@Номер,true
s_local_company_tax_authority_registration_info,svucetno_datapostuc,,Файл^Документ^СвЮЛ^СвУчетНО^@ДатаПостУч,true
s_local_company_tax_authority_registration_info,svucetno_inn,,Файл^Документ^СвЮЛ^СвУчетНО^@ИНН,true
s_local_company_tax_authority_registration_info,svucetno_kpp,,Файл^Документ^СвЮЛ^СвУчетНО^@КПП,true
s_local_company_tax_authority_registration_info,svucetno_grndata_grn,,Файл^Документ^СвЮЛ^СвУчетНО^ГРНДата^@ГРН,true
s_local_company_tax_authority_registration_info,svucetno_grndata_valid_from,,Файл^Документ^СвЮЛ^СвУчетНО^ГРНДата^@ДатаЗаписи,true
s_local_company_tax_authority_registration_info,svucetno_svno_kodno,,Файл^Документ^СвЮЛ^СвУчетНО^СвНО^@КодНО,true
s_local_company_tax_authority_registration_info,svucetno_svno_naimno,,Файл^Документ^СвЮЛ^СвУчетНО^СвНО^@НаимНО,true
s_local_company_pension_fund_info,svregpf_svorgpf_kodpf,,Файл^Документ^СвЮЛ^СвРегПФ^СвОргПФ^@КодПФ,true
s_local_company_pension_fund_info,svregpf_svorgpf_naimpf,,Файл^Документ^СвЮЛ^СвРегПФ^СвОргПФ^@НаимПФ,true
s_local_company_pension_fund_info,local_company_pk,,hash_func,true
s_local_company_pension_fund_info,load_dtm,,now_f,true
s_local_company_pension_fund_info,rec_src,,EGRUL,true
s_local_company_social_insurance_fund_info,svregfss_datareg,,Файл^Документ^СвЮЛ^СвРегФСС^@ДатаРег,true
s_local_company_social_insurance_fund_info,svregfss_regnomfss,,Файл^Документ^СвЮЛ^СвРегФСС^@РегНомФСС,true
s_local_company_pension_fund_info,svregpf_datareg,,Файл^Документ^СвЮЛ^СвРегПФ^@ДатаРег,true
s_local_company_pension_fund_info,svregpf_regnompf,,Файл^Документ^СвЮЛ^СвРегПФ^@РегНомПФ,true
s_local_company_pension_fund_info,svregpf_grndata_grn,,Файл^Документ^СвЮЛ^СвРегПФ^ГРНДата^@ГРН,true
s_local_company_pension_fund_info,svregpf_grndata_valid_from,,Файл^Документ^СвЮЛ^СвРегПФ^ГРНДата^@ДатаЗаписи,true
s_local_company_social_insurance_fund_info,svregfss_grndata_grn,,Файл^Документ^СвЮЛ^СвРегФСС^ГРНДата^@ГРН,true
s_local_company_social_insurance_fund_info,svregfss_grndata_valid_from,,Файл^Документ^СвЮЛ^СвРегФСС^ГРНДата^@ДатаЗаписи,true
s_local_company_social_insurance_fund_info,svregfss_svorgfss_kodfss,,Файл^Документ^СвЮЛ^СвРегФСС^СвОргФСС^@КодФСС,true
s_local_company_social_insurance_fund_info,svregfss_svorgfss_naimfss,,Файл^Документ^СвЮЛ^СвРегФСС^СвОргФСС^@НаимФСС,true
s_local_company_social_insurance_fund_info,local_company_pk,,hash_func,true
s_local_company_social_insurance_fund_info,rec_src,,EGRUL,true
s_local_company_social_insurance_fund_info,load_dtm,,now_f,true
s_local_company_registrator_info,hash_diff,,hash_diff,true
s_local_company_state_info,hash_diff,,hash_diff,true
s_local_company_tax_authority_registration_info,hash_diff,,hash_diff,true
s_local_company_pension_fund_info,hash_diff,,hash_diff,true
s_local_company_registrator_info,ogrn,,ogrn,true
s_local_company_state_info,ogrn,,ogrn,true
s_local_company_tax_authority_registration_info,ogrn,,ogrn,true
s_local_company_pension_fund_info,ogrn,,ogrn,true
s_local_company_social_insurance_fund_info,ogrn,,ogrn,true
s_local_company_company_authorized_capital_info,svustkap_naimvidkap,,Файл^Документ^СвЮЛ^СвУстКап^@НаимВидКап,true
s_local_company_company_authorized_capital_info,svustkap_sumkap,,Файл^Документ^СвЮЛ^СвУстКап^@СумКап,true
s_local_company_company_authorized_capital_info,svustkap_grndata_grn,,Файл^Документ^СвЮЛ^СвУстКап^ГРНДата^@ГРН,true
s_local_company_company_authorized_capital_info,svustkap_grndata_valid_from,,Файл^Документ^СвЮЛ^СвУстКап^ГРНДата^@ДатаЗаписи,true
s_local_company_company_authorized_capital_info,svustkap_dolarubla_znamenat,,Файл^Документ^СвЮЛ^СвУстКап^ДоляРубля^@Знаменат,true
s_local_company_company_authorized_capital_info,svustkap_dolarubla_cislit,,Файл^Документ^СвЮЛ^СвУстКап^ДоляРубля^@Числит,true
s_local_company_company_authorized_capital_info,svustkap_svedumuk_velumuk,,Файл^Документ^СвЮЛ^СвУстКап^СведУмУК^@ВелУмУК,true
s_local_company_company_authorized_capital_info,svustkap_svedumuk_datares,,Файл^Документ^СвЮЛ^СвУстКап^СведУмУК^@ДатаРеш,true
s_local_company_company_authorized_capital_info,svustkap_svedumuk_grndata_grn,,Файл^Документ^СвЮЛ^СвУстКап^СведУмУК^ГРНДата^@ГРН,true
s_local_company_company_authorized_capital_info,svustkap_svedumuk_grndata_valid_from,,Файл^Документ^СвЮЛ^СвУстКап^СведУмУК^ГРНДата^@ДатаЗаписи,true
s_local_company_company_authorized_capital_info,local_company_pk,,hash_func,true
s_local_company_company_authorized_capital_info,rec_src,,EGRUL,true
s_local_company_company_authorized_capital_info,load_dtm,,now_f,true
s_local_company_managing_organization_info,svuprorg_grndataperv_grn,,Файл^Документ^СвЮЛ^СвУпрОрг^ГРНДатаПерв^@ГРН,true
s_local_company_managing_organization_info,svuprorg_grndataperv_valid_from,,Файл^Документ^СвЮЛ^СвУпрОрг^ГРНДатаПерв^@ДатаЗаписи,true
s_local_company_managing_organization_info,svuprorg_predinul_svfl_grndata_grn,,,false
s_local_company_managing_organization_info,svuprorg_naiminnul_naimulpoln,,Файл^Документ^СвЮЛ^СвУпрОрг^НаимИННЮЛ^@НаимЮЛПолн,true
s_local_company_managing_organization_info,svuprorg_naiminnul_inn,,Файл^Документ^СвЮЛ^СвУпрОрг^НаимИННЮЛ^@ИНН,true
s_local_company_managing_organization_info,svuprorg_predinul_svfl_grndata_valid_from,,,false
s_local_company_managing_organization_info,svuprorg_svneddanuprorg_priznneddanuprorg,,Файл^Документ^СвЮЛ^СвУпрОрг^СвНедДанУпрОрг^@ПризнНедДанУпрОрг,true
s_local_company_attorney_info,rec_src,,EGRUL,true
s_local_company_attorney_info,load_dtm,,now_f,true
s_local_company_managing_organization_info,svuprorg_svneddanuprorg_tekstneddanuprorg,,Файл^Документ^СвЮЛ^СвУпрОрг^СвНедДанУпрОрг^@ТекстНедДанУпрОрг,true
s_local_company_managing_organization_info,svuprorg_svneddanuprorg_grndata_grn,,Файл^Документ^СвЮЛ^СвУпрОрг^СвНедДанУпрОрг^ГРНДата^@ГРН,true
s_local_company_managing_organization_info,svuprorg_predinul_svfl_grndata_valid_from,,Файл^Документ^СвЮЛ^СвУпрОрг^СвНедДанУпрОрг^ГРНДата^@ДатаЗаписи,true
s_local_company_managing_organization_info,svuprorg_svregin_adrstr,,Файл^Документ^СвЮЛ^СвУпрОрг^СвРегИн^@АдрСтр,true
s_local_company_managing_organization_info,svuprorg_naiminnul_grndata_valid_from,,Файл^Документ^СвЮЛ^СвУпрОрг^НаимИННЮЛ^ГРНДата^@ДатаЗаписи,true
s_local_company_managing_organization_info,svuprorg_predinul_grndataperv_grn,,,false
s_local_company_managing_organization_info,svuprorg_predinul_grndataperv_valid_from,,,false
s_local_company_managing_organization_info,svuprorg_predinul_svfl_innfl,,,false
s_local_company_managing_organization_info,svuprorg_predinul_svfl_ima,,,false
s_local_company_managing_organization_info,svuprorg_predinul_svfl_otcestvo,,,false
s_local_company_managing_organization_info,svuprorg_predinul_svfl_familia,,,false
s_local_company_managing_organization_info,svuprorg_svregin_datareg,,Файл^Документ^СвЮЛ^СвУпрОрг^СвРегИн^@ДатаРег,true
s_local_company_managing_organization_info,svuprorg_svregin_naimstran,,Файл^Документ^СвЮЛ^СвУпрОрг^СвРегИн^@НаимСтран,true
s_local_company_managing_organization_info,svuprorg_svregin_naimregorg,,Файл^Документ^СвЮЛ^СвУпрОрг^СвРегИн^@НаимРегОрг,true
s_local_company_managing_organization_info,svuprorg_svregin_oksm,,Файл^Документ^СвЮЛ^СвУпрОрг^СвРегИн^@ОКСМ,true
s_local_company_managing_organization_info,svuprorg_svregin_regnomer,,Файл^Документ^СвЮЛ^СвУпрОрг^СвРегИн^@РегНомер,true
s_local_company_managing_organization_info,svuprorg_svregin_grndata_grn,,Файл^Документ^СвЮЛ^СвУпрОрг^СвРегИн^ГРНДата^@ГРН,true
s_local_company_managing_organization_info,svuprorg_svregin_grndata_valid_from,,Файл^Документ^СвЮЛ^СвУпрОрг^СвРегИн^ГРНДата^@ДатаЗаписи,true
s_local_company_managing_organization_info,local_company_pk,,hash_func,true
s_local_company_managing_organization_info,rec_src,,EGRUL,true
s_local_company_managing_organization_info,load_dtm,,now_f,true
s_local_company_attorney_info,sveddoljnfl_grndataperv_grn,,Файл^Документ^СвЮЛ^СведДолжнФЛ^ГРНДатаПерв^@ГРН,true
s_local_company_attorney_info,sveddoljnfl_grndataperv_valid_from,,Файл^Документ^СвЮЛ^СведДолжнФЛ^ГРНДатаПерв^@ДатаЗаписи,true
s_local_company_attorney_info,sveddoljnfl_svdiskv_datanacdiskv,,Файл^Документ^СвЮЛ^СведДолжнФЛ^СвДискв^@ДатаНачДискв,true
s_local_company_attorney_info,sveddoljnfl_svdiskv_dataokoncdiskv,,Файл^Документ^СвЮЛ^СведДолжнФЛ^СвДискв^@ДатаОкончДискв,true
s_local_company_company_authorized_capital_info,hash_diff,,hash_diff,true
s_local_company_managing_organization_info,hash_diff,,hash_diff,true
s_local_company_company_authorized_capital_info,ogrn,,ogrn,true
s_local_company_managing_organization_info,ogrn,,ogrn,true
s_local_company_attorney_info,sveddoljnfl_svdiskv_datares,,Файл^Документ^СвЮЛ^СведДолжнФЛ^СвДискв^@ДатаРеш,true
s_local_company_attorney_info,sveddoljnfl_svdiskv_grndata_grn,,Файл^Документ^СвЮЛ^СведДолжнФЛ^СвДискв^ГРНДата^@ГРН,true
s_local_company_attorney_info,sveddoljnfl_svdiskv_grndata_valid_from,,Файл^Документ^СвЮЛ^СведДолжнФЛ^СвДискв^ГРНДата^@ДатаЗаписи,true
s_local_company_attorney_info,sveddoljnfl_svdoljn_ogrnip,,Файл^Документ^СвЮЛ^СведДолжнФЛ^СвДолжн^@ОГРНИП,true
s_local_company_attorney_info,sveddoljnfl_svdoljn_viddoljn,,Файл^Документ^СвЮЛ^СведДолжнФЛ^СвДолжн^@НаимВидДолжн,true
s_local_company_attorney_info,sveddoljnfl_svdoljn_naimviddoljn,,Файл^Документ^СвЮЛ^СведДолжнФЛ^СвДолжн^@НаимВидДолжн,true
s_local_company_attorney_info,sveddoljnfl_svdoljn_naimdoljn,,Файл^Документ^СвЮЛ^СведДолжнФЛ^СвДолжн^@НаимДолжн,true
s_local_company_attorney_info,sveddoljnfl_svneddandoljnfl_priznneddandoljnfl,,Файл^Документ^СвЮЛ^СведДолжнФЛ^СвНедДанДолжнФЛ^@ПризнНедДанДолжнФЛ,true
s_local_company_attorney_info,sveddoljnfl_svneddandoljnfl_priznneddandoljnfl,,Файл^Документ^СвЮЛ^СведДолжнФЛ^СвНедДанДолжнФЛ^@ПризнНедДанДолжнФЛ,true
s_local_company_attorney_info,sveddoljnfl_svneddandoljnfl_tekstneddandoljnfl,,Файл^Документ^СвЮЛ^СведДолжнФЛ^СвНедДанДолжнФЛ^@ТекстНедДанДолжнФЛ,true
s_local_company_attorney_info,sveddoljnfl_svneddandoljnfl_grndata_grn,,Файл^Документ^СвЮЛ^СведДолжнФЛ^СвНедДанДолжнФЛ^ГРНДата^@ГРН,true
s_local_company_attorney_info,sveddoljnfl_svneddandoljnfl_grndata_valid_from,,Файл^Документ^СвЮЛ^СведДолжнФЛ^СвНедДанДолжнФЛ^ГРНДата^@ДатаЗаписи,true
s_local_company_attorney_info,sveddoljnfl_svfl_innfl,,Файл^Документ^СвЮЛ^СведДолжнФЛ^СвФЛ^СвФИОИНН^@ИННФЛ,true
s_local_company_attorney_info,sveddoljnfl_svfl_ima,,Файл^Документ^СвЮЛ^СведДолжнФЛ^СвФЛ^СвФИОИНН^@Имя,true
s_local_company_attorney_info,sveddoljnfl_svfl_otcestvo,,Файл^Документ^СвЮЛ^СведДолжнФЛ^СвФЛ^СвФИОИНН^@Отчество,true
s_local_company_attorney_info,sveddoljnfl_svfl_familia,,Файл^Документ^СвЮЛ^СведДолжнФЛ^СвФЛ^СвФИОИНН^@Фамилия,true
s_local_company_attorney_info,sveddoljnfl_svfl_grndata_grn,,Файл^Документ^СвЮЛ^СведДолжнФЛ^СвФЛ^СвФИОИНН^ГРНДата^@ГРН,true
s_local_company_attorney_info,sveddoljnfl_svfl_grndata_valid_from,,Файл^Документ^СвЮЛ^СведДолжнФЛ^СвФЛ^СвФИОИНН^ГРНДата^@ДатаЗаписи,true
s_local_company_actioners_registry_keeper_info,svderjreestrao_derjreestrao_inn,,Файл^Документ^СвЮЛ^СвДержРеестрАО^ДержРеестрАО^@ИНН,true
s_local_company_actioners_registry_keeper_info,svderjreestrao_derjreestrao_naimulpoln,,Файл^Документ^СвЮЛ^СвДержРеестрАО^ДержРеестрАО^@НаимЮЛПолн,true
s_local_company_actioners_registry_keeper_info,svderjreestrao_derjreestrao_ogrn,,Файл^Документ^СвЮЛ^СвДержРеестрАО^ДержРеестрАО^@ОГРН,true
s_local_company_actioners_registry_keeper_info,svderjreestrao_derjreestrao_grndata_grn,,Файл^Документ^СвЮЛ^СвДержРеестрАО^ДержРеестрАО^ГРНДата^@ГРН,true
s_local_company_actioners_registry_keeper_info,svderjreestrao_derjreestrao_grndata_valid_from,,Файл^Документ^СвЮЛ^СвДержРеестрАО^ДержРеестрАО^ГРНДата^@ДатаЗаписи,true
s_local_company_actioners_registry_keeper_info,local_company_pk,,hash_func,true
s_local_company_actioners_registry_keeper_info,rec_src,,EGRUL,true
s_local_company_actioners_registry_keeper_info,load_dtm,,now_f,true
s_local_company_capital_share_company_info,local_company_pk,,hash_func,true
s_local_company_capital_share_company_info,load_dtm,,now_f,true
s_local_company_capital_share_company_info,rec_src,,EGRUL,true
s_local_company_capital_share_company_info,svdolaooo_nominstoim,,Файл^Документ^СвЮЛ^СвДоляООО^@НоминСтоим,true
s_local_company_capital_share_company_info,svdolaooo_grndata_grn,,Файл^Документ^СвЮЛ^СвДоляООО^ГРНДата^@ГРН,true
s_local_company_capital_share_company_info,svdolaooo_grndata_valid_from,,Файл^Документ^СвЮЛ^СвДоляООО^ГРНДата^@ДатаЗаписи,true
s_local_company_capital_share_company_info,svdolaooo_razmerdoli_drobdesat,,Файл^Документ^СвЮЛ^СвДоляООО^РазмерДоли^@ДробДесят,true
s_local_company_capital_share_company_info,svdolaooo_razmerdoli_drobprost_znamenat,,Файл^Документ^СвЮЛ^СвДоляООО^РазмерДоли^ДробПрост^@Знаменат,true
s_local_company_capital_share_company_info,svdolaooo_razmerdoli_drobprost_cislit,,Файл^Документ^СвЮЛ^СвДоляООО^РазмерДоли^ДробПрост^@Числит,true
s_local_company_reorganisation_info,svreorg_svreorgul_inn,,Файл^Документ^СвЮЛ^СвРеорг^СвРеоргЮЛ^@ИНН,true
s_local_company_attorney_info,sveddoljnfl_svdoljn_grndata_valid_from,,Файл^Документ^СвЮЛ^СведДолжнФЛ^СвДолжн^ГРНДата^@ДатаЗаписи,true
s_local_company_attorney_info,hash_diff,,hash_diff,true
s_local_company_actioners_registry_keeper_info,hash_diff,,hash_diff,true
s_local_company_capital_share_company_info,hash_diff,,hash_diff,true
s_local_company_attorney_info,ogrn,,ogrn,true
s_local_company_actioners_registry_keeper_info,ogrn,,ogrn,true
s_local_company_capital_share_company_info,ogrn,,ogrn,true
s_local_company_capital_share_company_info,svdolaooo_razmerdoli_prozent,,Файл^Документ^СвЮЛ^СвДоляООО^РазмерДоли^@Процент,true
s_local_company_reorganisation_info,svreorg_grndata_grn,,Файл^Документ^СвЮЛ^СвРеорг^ГРНДата^@ГРН,true
s_local_company_reorganisation_info,svreorg_grndata_valid_from,,Файл^Документ^СвЮЛ^СвРеорг^ГРНДата^@ДатаЗаписи,true
s_local_company_reorganisation_info,local_company_pk,,hash_func,true
s_local_company_reorganisation_info,load_dtm,,now_f,true
s_local_company_reorganisation_info,rec_src,,EGRUL,true
s_local_company_reorganisation_info,svreorg_svreorgul_naimulpoln,,Файл^Документ^СвЮЛ^СвРеорг^СвРеоргЮЛ^@НаимЮЛПолн,true
s_local_company_reorganisation_info,svreorg_svreorgul_ogrn,,Файл^Документ^СвЮЛ^СвРеорг^СвРеоргЮЛ^@ОГРН,true
s_local_company_reorganisation_info,svreorg_svreorgul_sostulposle,,Файл^Документ^СвЮЛ^СвРеорг^СвРеоргЮЛ^@СостЮЛпосле,true
s_local_company_reorganisation_info,svreorg_svstatus_kodstatusul,,Файл^Документ^СвЮЛ^СвРеорг^СвСтатус^@КодСтатусЮЛ,true
s_local_company_reorganisation_info,svreorg_svstatus_naimstatusul,,Файл^Документ^СвЮЛ^СвРеорг^СвСтатус^@НаимСтатусЮЛ,true
s_local_company_predecessor_info,local_company_pk,,hash_func,true
s_local_company_predecessor_info,load_dtm,,now_f,true
s_local_company_predecessor_info,rec_src,,EGRUL,true
s_local_company_predecessor_info,svpreds_svulslojnreorg_naimulpoln,,Файл^Документ^СвЮЛ^СвПредш^СвЮЛсложнРеорг^@НаимЮЛПолн,true
s_local_company_predecessor_info,svpreds_svulslojnreorg_inn,,Файл^Документ^СвЮЛ^СвПредш^СвЮЛсложнРеорг^@ИНН,true
s_local_company_predecessor_info,svpreds_grndata_valid_from,,Файл^Документ^СвЮЛ^СвПредш^ГРНДата^@ДатаЗаписи,true
s_local_company_predecessor_info,svpreds_grndata_grn,,Файл^Документ^СвЮЛ^СвПредш^ГРНДата^@ГРН,true
s_local_company_predecessor_info,svpreds_ogrn,,Файл^Документ^СвЮЛ^СвПредш^@ОГРН,true
s_local_company_predecessor_info,svpreds_inn,,Файл^Документ^СвЮЛ^СвПредш^@ИНН,true
s_local_company_predecessor_info,svpreds_naimulpoln,,Файл^Документ^СвЮЛ^СвПредш^@НаимЮЛПолн,true
s_local_company_predecessor_info,svpreds_svulslojnreorg_ogrn,,Файл^Документ^СвЮЛ^СвПредш^СвЮЛсложнРеорг^@ОГРН,true
s_local_company_attorney_info,sveddoljnfl_svneddandoljnfl_grndata_grn,,Файл^Документ^СвЮЛ^СведДолжнФЛ^СвДолжн^ГРНДата^@ГРН,true
s_local_company_assignee_info,local_company_pk,,hash_func,true
s_local_company_assignee_info,load_dtm,,now_f,true
s_local_company_assignee_info,rec_src,,EGRUL,true
s_local_company_assignee_info,svpreem_inn,,Файл^Документ^СвЮЛ^СвПреем^@ИНН,true
s_local_company_assignee_info,svpreem_naimulpoln,,Файл^Документ^СвЮЛ^СвПреем^@НаимЮЛПолн,true
s_local_company_assignee_info,svpreem_ogrn,,Файл^Документ^СвЮЛ^СвПреем^@ОГРН,true
s_local_company_assignee_info,svpreem_grndata_valid_from,,Файл^Документ^СвЮЛ^СвПреем^ГРНДата^@ДатаЗаписи,true
s_local_company_assignee_info,svpreem_svulslojnreorg_inn,,Файл^Документ^СвЮЛ^СвПреем^СвЮЛсложнРеорг^@ИНН,true
s_local_company_assignee_info,svpreem_svulslojnreorg_naimulpoln,,Файл^Документ^СвЮЛ^СвПреем^СвЮЛсложнРеорг^@НаимЮЛПолн,true
s_local_company_assignee_info,svpreem_svulslojnreorg_ogrn,,Файл^Документ^СвЮЛ^СвПреем^СвЮЛсложнРеорг^@ОГРН,true
s_local_company_assignee_info,svpreem_grndata_grn,,Файл^Документ^СвЮЛ^СвПреем^ГРНДата^@ГРН,true
s_local_company_okveds_info,local_company_pk,,hash_func,true
s_local_company_okveds_info,svokved_svokveddop_kodokved,,Файл^Документ^СвЮЛ^СвОКВЭД^СвОКВЭДДоп^@КодОКВЭД,true
s_local_company_okveds_info,svokved_svokveddop_naimokved,,Файл^Документ^СвЮЛ^СвОКВЭД^СвОКВЭДДоп^@НаимОКВЭД,true
s_local_company_okveds_info,svokved_svokveddop_prversokved,,Файл^Документ^СвЮЛ^СвОКВЭД^СвОКВЭДДоп^@ПрВерсОКВЭД,true
s_local_company_okveds_info,svokved_svokveddop_grndata_grn,,Файл^Документ^СвЮЛ^СвОКВЭД^СвОКВЭДДоп^ГРНДата^@ГРН,true
s_local_company_okveds_info,svokved_svokveddop_grndata_valid_from,,Файл^Документ^СвЮЛ^СвОКВЭД^СвОКВЭДДоп^ГРНДата^@ДатаЗаписи,true
s_local_company_okveds_info,svokved_svokvedosn_kodokved,,Файл^Документ^СвЮЛ^СвОКВЭД^СвОКВЭДОсн^@КодОКВЭД,true
s_local_company_okveds_info,svokved_svokvedosn_naimokved,,Файл^Документ^СвЮЛ^СвОКВЭД^СвОКВЭДОсн^@НаимОКВЭД,true
s_local_company_okveds_info,svokved_svokvedosn_prversokved,,Файл^Документ^СвЮЛ^СвОКВЭД^СвОКВЭДОсн^@ПрВерсОКВЭД,true
s_local_company_okveds_info,svokved_svokvedosn_grndata_grn,,Файл^Документ^СвЮЛ^СвОКВЭД^СвОКВЭДОсн^ГРНДата^@ГРН,true
s_local_company_okveds_info,svokved_svokvedosn_grndata_valid_from,,Файл^Документ^СвЮЛ^СвОКВЭД^СвОКВЭДОсн^ГРНДата^@ДатаЗаписи,true
s_local_company_reorganisation_info,hash_diff,,hash_diff,true
s_local_company_predecessor_info,hash_diff,,hash_diff,true
s_local_company_assignee_info,hash_diff,,hash_diff,true
s_local_company_reorganisation_info,ogrn,,ogrn,true
s_local_company_predecessor_info,ogrn,,ogrn,true
s_local_company_assignee_info,ogrn,,ogrn,true
s_local_company_okveds_info,ogrn,,ogrn,true
s_local_company_okveds_info,load_dtm,,now_f,true
s_local_company_okveds_info,rec_src,,EGRUL,true
s_local_company_licenses_info,local_company_pk,,hash_func,true
s_local_company_licenses_info,load_dtm,,now_f,true
s_local_company_licenses_info,rec_src,,EGRUL,true
s_local_company_licenses_info,svlizenzia_dataliz,,Файл^Документ^СвЮЛ^СвЛицензия^@ДатаЛиц,true
s_local_company_licenses_info,svlizenzia_datanacliz,,Файл^Документ^СвЮЛ^СвЛицензия^@ДатаНачЛиц,true
s_local_company_licenses_info,svlizenzia_dataokoncliz,,Файл^Документ^СвЮЛ^СвЛицензия^@ДатаОкончЛиц,true
s_local_company_licenses_info,svlizenzia_nomliz,,Файл^Документ^СвЮЛ^СвЛицензия^@НомЛиц,true
s_local_company_licenses_info,svlizenzia_grndata_grn,,Файл^Документ^СвЮЛ^СвЛицензия^ГРНДата^@ГРН,true
s_local_company_licenses_info,svlizenzia_grndata_valid_from,,Файл^Документ^СвЮЛ^СвЛицензия^ГРНДата^@ДатаЗаписи,true
s_local_company_okveds_info,hash_diff,,hash_diff,true
s_local_company_licenses_info,svlizenzia_mestodejstliz,,,false
s_local_company_licenses_info,svlizenzia_svpriostliz_datapriostliz,,Файл^Документ^СвЮЛ^СвЛицензия^СвПриостЛиц^@ДатаПриостЛиц,true
s_local_company_licenses_info,svlizenzia_svpriostliz_lizorgpriostliz,,Файл^Документ^СвЮЛ^СвЛицензия^СвПриостЛиц^@ЛицОргПриостЛиц,true
s_local_company_licenses_info,svlizenzia_svpriostliz_grndata_grn,,Файл^Документ^СвЮЛ^СвЛицензия^СвПриостЛиц^ГРНДата^@ГРН,true
s_local_company_licenses_info,svlizenzia_svpriostliz_grndata_valid_from,,Файл^Документ^СвЮЛ^СвЛицензия^СвПриостЛиц^ГРНДата^@ДатаЗаписи,true
s_local_company_licenses_info,svlizenzia_lizorgvydliz,,Файл^Документ^СвЮЛ^СвЛицензия^ЛицОргВыдЛиц,true
s_local_company_subdivisions_info,svpodrazd_svpredstav_adrmnin_adrin,,Файл^Документ^СвЮЛ^СвПодразд^СвПредстав^АдрМНИн^@АдрИн,true
s_local_company_subdivisions_info,svpodrazd_svpredstav_adrmnin_naimstran,,Файл^Документ^СвЮЛ^СвПодразд^СвПредстав^АдрМНИн^@НаимСтран,true
s_local_company_subdivisions_info,svpodrazd_svpredstav_adrmnin_oksm,,Файл^Документ^СвЮЛ^СвПодразд^СвПредстав^АдрМНИн^@ОКСМ,true
s_local_company_subdivisions_info,svpodrazd_svpredstav_adrmnin_grndata_grn,,Файл^Документ^СвЮЛ^СвПодразд^СвПредстав^АдрМНИн^ГРНДата^@ГРН,true
s_local_company_subdivisions_info,svpodrazd_svpredstav_adrmnin_grndata_valid_from,,Файл^Документ^СвЮЛ^СвПодразд^СвПредстав^АдрМНИн^ГРНДата^@ДатаЗаписи,true
s_local_company_subdivisions_info,svpodrazd_svpredstav_adrmnrf_dom,,Файл^Документ^СвЮЛ^СвПодразд^СвПредстав^АдрМНРФ^@Дом,true
s_local_company_subdivisions_info,svpodrazd_svpredstav_adrmnrf_indeks,,Файл^Документ^СвЮЛ^СвПодразд^СвПредстав^АдрМНРФ^@Индекс,true
s_local_company_subdivisions_info,svpodrazd_svpredstav_adrmnrf_kvart,,Файл^Документ^СвЮЛ^СвПодразд^СвПредстав^АдрМНРФ^@Кварт,true
s_local_company_subdivisions_info,svpodrazd_svpredstav_adrmnrf_kodadrkladr,,Файл^Документ^СвЮЛ^СвПодразд^СвПредстав^АдрМНРФ^@КодАдрКладр,true
s_local_company_subdivisions_info,svpodrazd_svpredstav_adrmnrf_kodregion,,Файл^Документ^СвЮЛ^СвПодразд^СвПредстав^АдрМНРФ^@КодРегион,true
s_local_company_subdivisions_info,svpodrazd_svpredstav_adrmnrf_grndata_valid_from,,Файл^Документ^СвЮЛ^СвПодразд^СвПредстав^АдрМНРФ^ГРНДата^@ДатаЗаписи,true
s_local_company_subdivisions_info,svpodrazd_svpredstav_adrmnrf_gorod_tipgorod,,Файл^Документ^СвЮЛ^СвПодразд^СвПредстав^АдрМНРФ^Город^@ТипГород,true
s_local_company_subdivisions_info,svpodrazd_svpredstav_adrmnrf_naselpunkt_tipnaselpunkt,,Файл^Документ^СвЮЛ^СвПодразд^СвПредстав^АдрМНРФ^НаселПункт^@ТипНаселПункт,true
s_local_company_subdivisions_info,svpodrazd_svpredstav_adrmnrf_rajon_tiprajon,,Файл^Документ^СвЮЛ^СвПодразд^СвПредстав^АдрМНРФ^Район^@ТипРайон,true
s_local_company_subdivisions_info,svpodrazd_svpredstav_adrmnrf_uliza_naimuliza,,Файл^Документ^СвЮЛ^СвПодразд^СвПредстав^АдрМНРФ^Улица^@НаимУлица,true
s_local_company_subdivisions_info,svpodrazd_svpredstav_grndataperv_grn,,Файл^Документ^СвЮЛ^СвПодразд^СвПредстав^ГРНДатаПерв^@ГРН,true
s_local_company_subdivisions_info,svpodrazd_svpredstav_svnaim_naimpoln,,Файл^Документ^СвЮЛ^СвПодразд^СвПредстав^СвНаим^@НаимПолн,true
s_local_company_subdivisions_info,svpodrazd_svpredstav_svnaim_grndata_valid_from,,Файл^Документ^СвЮЛ^СвПодразд^СвПредстав^СвНаим^ГРНДата^@ДатаЗаписи,true
s_local_company_subdivisions_info,svpodrazd_svfilial_adrmnin_naimstran,,Файл^Документ^СвЮЛ^СвПодразд^СвФилиал^АдрМНИн^@НаимСтран,true
s_local_company_subdivisions_info,svpodrazd_svfilial_adrmnin_grndata_grn,,Файл^Документ^СвЮЛ^СвПодразд^СвФилиал^АдрМНИн^ГРНДата^@ГРН,true
s_local_company_subdivisions_info,svpodrazd_svfilial_adrmnrf_dom,,Файл^Документ^СвЮЛ^СвПодразд^СвФилиал^АдрМНРФ^@Дом,true
s_local_company_subdivisions_info,svpodrazd_svfilial_adrmnrf_kvart,,Файл^Документ^СвЮЛ^СвПодразд^СвФилиал^АдрМНРФ^@Кварт,true
s_local_company_licenses_info,svlizenzia_naimlizviddeat,,Файл^Документ^СвЮЛ^СвЛицензия^НаимЛицВидДеят,true
s_local_company_licenses_info,hash_diff,,hash_diff,true
s_local_company_licenses_info,ogrn,,ogrn,true
s_local_company_subdivisions_info,local_company_pk,,hash_func,true
s_local_company_subdivisions_info,load_dtm,,now_f,true
s_local_company_subdivisions_info,rec_src,,EGRUL,true
s_local_company_subdivisions_info,svpodrazd_svpredstav_adrmnrf_korpus,,Файл^Документ^СвЮЛ^СвПодразд^СвПредстав^АдрМНРФ^@Корпус,true
s_local_company_subdivisions_info,svpodrazd_svpredstav_adrmnrf_grndata_grn,,Файл^Документ^СвЮЛ^СвПодразд^СвПредстав^АдрМНРФ^ГРНДата^@ГРН,true
s_local_company_subdivisions_info,svpodrazd_svpredstav_adrmnrf_gorod_naimgorod,,Файл^Документ^СвЮЛ^СвПодразд^СвПредстав^АдрМНРФ^Город^@НаимГород,true
s_local_company_subdivisions_info,svpodrazd_svpredstav_adrmnrf_naselpunkt_naimnaselpunkt,,Файл^Документ^СвЮЛ^СвПодразд^СвПредстав^АдрМНРФ^НаселПункт^@НаимНаселПункт,true
s_local_company_subdivisions_info,svpodrazd_svpredstav_adrmnrf_rajon_naimrajon,,Файл^Документ^СвЮЛ^СвПодразд^СвПредстав^АдрМНРФ^Район^@НаимРайон,true
s_local_company_subdivisions_info,svpodrazd_svpredstav_adrmnrf_region_naimregion,,Файл^Документ^СвЮЛ^СвПодразд^СвПредстав^АдрМНРФ^Регион^@НаимРегион,true
s_local_company_subdivisions_info,svpodrazd_svpredstav_adrmnrf_region_tipregion,,Файл^Документ^СвЮЛ^СвПодразд^СвПредстав^АдрМНРФ^Регион^@ТипРегион,true
s_local_company_subdivisions_info,svpodrazd_svpredstav_adrmnrf_uliza_tipuliza,,Файл^Документ^СвЮЛ^СвПодразд^СвПредстав^АдрМНРФ^Улица^@ТипУлица,true
s_local_company_subdivisions_info,svpodrazd_svpredstav_grndataperv_valid_from,,Файл^Документ^СвЮЛ^СвПодразд^СвПредстав^ГРНДатаПерв^@ДатаЗаписи,true
s_local_company_subdivisions_info,svpodrazd_svpredstav_svnaim_grndata_grn,,Файл^Документ^СвЮЛ^СвПодразд^СвПредстав^СвНаим^ГРНДата^@ГРН,true
s_local_company_subdivisions_info,svpodrazd_svfilial_adrmnin_adrin,,Файл^Документ^СвЮЛ^СвПодразд^СвФилиал^АдрМНИн^@АдрИн,true
s_local_company_subdivisions_info,svpodrazd_svfilial_adrmnin_oksm,,Файл^Документ^СвЮЛ^СвПодразд^СвФилиал^АдрМНИн^@ОКСМ,true
s_local_company_subdivisions_info,svpodrazd_svfilial_adrmnin_grndata_valid_from,,Файл^Документ^СвЮЛ^СвПодразд^СвФилиал^АдрМНИн^ГРНДата^@ДатаЗаписи,true
s_local_company_subdivisions_info,svpodrazd_svfilial_adrmnrf_indeks,,Файл^Документ^СвЮЛ^СвПодразд^СвФилиал^АдрМНРФ^@Индекс,true
s_local_company_subdivisions_info,svpodrazd_svfilial_adrmnrf_kodadrkladr,,Файл^Документ^СвЮЛ^СвПодразд^СвФилиал^АдрМНРФ^@КодАдрКладр,true
s_local_company_subdivisions_info,svpodrazd_svfilial_adrmnrf_kodregion,,Файл^Документ^СвЮЛ^СвПодразд^СвФилиал^АдрМНРФ^@КодРегион,true
s_local_company_subdivisions_info,svpodrazd_svfilial_adrmnrf_korpus,,Файл^Документ^СвЮЛ^СвПодразд^СвФилиал^АдрМНРФ^@Корпус,true
s_local_company_subdivisions_info,svpodrazd_svfilial_adrmnrf_grndata_grn,,Файл^Документ^СвЮЛ^СвПодразд^СвФилиал^АдрМНРФ^ГРНДата^@ГРН,true
s_local_company_subdivisions_info,svpodrazd_svfilial_adrmnrf_grndata_valid_from,,Файл^Документ^СвЮЛ^СвПодразд^СвФилиал^АдрМНРФ^ГРНДата^@ДатаЗаписи,true
s_local_company_subdivisions_info,svpodrazd_svfilial_adrmnrf_gorod_naimgorod,,Файл^Документ^СвЮЛ^СвПодразд^СвФилиал^АдрМНРФ^Город^@НаимГород,true
s_local_company_subdivisions_info,svpodrazd_svfilial_adrmnrf_gorod_tipgorod,,Файл^Документ^СвЮЛ^СвПодразд^СвФилиал^АдрМНРФ^Город^@ТипГород,true
s_local_company_subdivisions_info,svpodrazd_svfilial_adrmnrf_naselpunkt_naimnaselpunkt,,Файл^Документ^СвЮЛ^СвПодразд^СвФилиал^АдрМНРФ^НаселПункт^@НаимНаселПункт,true
s_local_company_founders_info_ulin,svucredit_ucrulin_naiminnul_naimulpoln,,Файл^Документ^СвЮЛ^СвУчредит^УчрЮЛИн^НаимИННЮЛ^@НаимЮЛПолн,true
s_local_company_subdivisions_info,svpodrazd_svfilial_adrmnrf_naselpunkt_tipnaselpunkt,,Файл^Документ^СвЮЛ^СвПодразд^СвФилиал^АдрМНРФ^НаселПункт^@ТипНаселПункт,true
s_local_company_subdivisions_info,svpodrazd_svfilial_adrmnrf_rajon_naimrajon,,Файл^Документ^СвЮЛ^СвПодразд^СвФилиал^АдрМНРФ^Район^@НаимРайон,true
s_local_company_subdivisions_info,svpodrazd_svfilial_adrmnrf_rajon_tiprajon,,Файл^Документ^СвЮЛ^СвПодразд^СвФилиал^АдрМНРФ^Район^@ТипРайон,true
s_local_company_subdivisions_info,svpodrazd_svfilial_adrmnrf_region_naimregion,,Файл^Документ^СвЮЛ^СвПодразд^СвФилиал^АдрМНРФ^Регион^@НаимРегион,true
s_local_company_subdivisions_info,svpodrazd_svfilial_adrmnrf_region_tipregion,,Файл^Документ^СвЮЛ^СвПодразд^СвФилиал^АдрМНРФ^Регион^@ТипРегион,true
s_local_company_subdivisions_info,svpodrazd_svfilial_adrmnrf_uliza_naimuliza,,Файл^Документ^СвЮЛ^СвПодразд^СвФилиал^АдрМНРФ^Улица^@НаимУлица,true
s_local_company_subdivisions_info,svpodrazd_svfilial_adrmnrf_uliza_tipuliza,,Файл^Документ^СвЮЛ^СвПодразд^СвФилиал^АдрМНРФ^Улица^@ТипУлица,true
s_local_company_subdivisions_info,svpodrazd_svfilial_grndataperv_grn,,Файл^Документ^СвЮЛ^СвПодразд^СвФилиал^ГРНДатаПерв^@ГРН,true
s_local_company_subdivisions_info,svpodrazd_svfilial_grndataperv_valid_from,,Файл^Документ^СвЮЛ^СвПодразд^СвФилиал^ГРНДатаПерв^@ДатаЗаписи,true
s_local_company_subdivisions_info,svpodrazd_svfilial_svnaim_naimpoln,,Файл^Документ^СвЮЛ^СвПодразд^СвФилиал^СвНаим^@НаимПолн,true
s_local_company_subdivisions_info,svpodrazd_svfilial_svnaim_grndata_grn,,Файл^Документ^СвЮЛ^СвПодразд^СвФилиал^СвНаим^ГРНДата^@ГРН,true
s_local_company_subdivisions_info,hash_diff,,hash_diff,true
s_local_company_subdivisions_info,ogrn,,ogrn,true
s_local_company_is_liquidated_info,ogrn,,ogrn,true
s_local_company_subdivisions_info,svpodrazd_svfilial_svnaim_grndata_valid_from,,Файл^Документ^СвЮЛ^СвПодразд^СвФилиал^СвНаим^ГРНДата^@ДатаЗаписи,true
s_local_company_egrul_history,local_company_pk,,hash_func,true
s_local_company_egrul_history,load_dtm,,now_f,true
s_local_company_egrul_history,rec_src,,EGRUL,true
s_local_company_egrul_history,svzapegrul_svregorg_kodno,,Файл^Документ^СвЮЛ^СвЗапЕГРЮЛ^СвРегОрг^@КодНО,true
s_local_company_egrul_history,svzapegrul_svregorg_naimno,,Файл^Документ^СвЮЛ^СвЗапЕГРЮЛ^СвРегОрг^@НаимНО,true
s_local_company_egrul_history,svzapegrul_svsvid_datavydsvid,,Файл^Документ^СвЮЛ^СвЗапЕГРЮЛ^СвСвид^@ДатаВыдСвид,true
s_local_company_egrul_history,svzapegrul_svsvid_nomer,,Файл^Документ^СвЮЛ^СвЗапЕГРЮЛ^СвСвид^@Номер,true
s_local_company_egrul_history,svzapegrul_svsvid_seria,,Файл^Документ^СвЮЛ^СвЗапЕГРЮЛ^СвСвид^@Серия,true
s_local_company_egrul_history,svzapegrul_svstatuszap_grndataned_grn,,Файл^Документ^СвЮЛ^СвЗапЕГРЮЛ^СвСтатусЗап^ГРНДатаНед^@ГРН,true
s_local_company_egrul_history,svzapegrul_grndatanedpred_datazap,,Файл^Документ^СвЮЛ^СвЗапЕГРЮЛ^ГРНДатаНедПред^@ДатаЗап,true
s_local_company_egrul_history,svzapegrul_svstatuszap_grndataned_idzap,,Файл^Документ^СвЮЛ^СвЗапЕГРЮЛ^СвСтатусЗап^ГРНДатаНед^@ИдЗап,true
s_local_company_egrul_history,svzapegrul_svedpreddok_naimdok,,Файл^Документ^СвЮЛ^СвЗапЕГРЮЛ^СведПредДок^НаимДок,true
s_local_company_egrul_history,svzapegrul_svedpreddok_nomdok,,Файл^Документ^СвЮЛ^СвЗапЕГРЮЛ^СведПредДок^НомДок,true
s_local_company_egrul_history,svzapegrul_datazap,,Файл^Документ^СвЮЛ^СвЗапЕГРЮЛ^ГРНДата^@ДатаЗап,true
s_local_company_egrul_history,svzapegrul_grn,,Файл^Документ^СвЮЛ^СвЗапЕГРЮЛ^ГРНДата^@ГРН,true
s_local_company_egrul_history,hash_diff,,hash_diff,true
s_local_company_egrul_history,svzapegrul_idzap,,Файл^Документ^СвЮЛ^СвЗапЕГРЮЛ^@ИдЗап,true
s_local_company_egrul_history,svzapegrul_vidzap_kodspvz,,Файл^Документ^СвЮЛ^СвЗапЕГРЮЛ^ВидЗап^@КодСПВЗ,true
s_local_company_egrul_history,svzapegrul_vidzap_naimvidzap,,Файл^Документ^СвЮЛ^СвЗапЕГРЮЛ^ВидЗап^@НаимВидЗап,true
s_local_company_egrul_history,svzapegrul_grndatanedpred_grn,,Файл^Документ^СвЮЛ^СвЗапЕГРЮЛ^ГРНДатаНедПред^@ГРН,true
s_local_company_egrul_history,svzapegrul_grndatanedpred_idzap,,Файл^Документ^СвЮЛ^СвЗапЕГРЮЛ^ГРНДатаНедПред^@ИдЗап,true
s_local_company_founders_info_ulros,local_company_pk,,hash_func,true
s_local_company_founders_info_ulros,load_dtm,,now_f,true
s_local_company_founders_info_ulros,rec_src,,EGRUL,true
s_local_company_founders_info_ulros,svucredit_ucrulros_dolaustkap_nominstoim,,Файл^Документ^СвЮЛ^СвУчредит^УчрЮЛРос^ДоляУстКап^@НоминСтоим,true
s_local_company_founders_info_ulros,svucredit_ucrulros_naiminnul_inn,,Файл^Документ^СвЮЛ^СвУчредит^УчрЮЛРос^НаимИННЮЛ^@ИНН,true
s_local_company_founders_info_ulros,svucredit_ucrulros_naiminnul_naimulpoln,,Файл^Документ^СвЮЛ^СвУчредит^УчрЮЛРос^НаимИННЮЛ^@НаимЮЛПолн,true
s_local_company_founders_info_ulros,svucredit_ucrulros_naiminnul_ogrn,,Файл^Документ^СвЮЛ^СвУчредит^УчрЮЛРос^НаимИННЮЛ^@ОГРН,true
s_local_company_founders_info_ulros,svucredit_ucrulros_svneddanucr_priznneddanucr,,Файл^Документ^СвЮЛ^СвУчредит^УчрЮЛРос^СвНедДанУчр^@ПризнНедДанУчр,true
s_local_company_founders_info_ulin,local_company_pk,,hash_func,true
s_local_company_founders_info_ulin,load_dtm,,now_f,true
s_local_company_founders_info_ulin,rec_src,,EGRUL,true
s_local_company_founders_info_ulin,svucredit_ucrulin_naiminnul_inn,,Файл^Документ^СвЮЛ^СвУчредит^УчрЮЛИн^НаимИННЮЛ^@ИНН,true
s_local_company_founders_info_ulin,svucredit_ucrulin_naiminnul_ogrn,,Файл^Документ^СвЮЛ^СвУчредит^УчрЮЛИн^НаимИННЮЛ^@ОГРН,true
s_local_company_founders_info_ulin,svucredit_ucrulin_dolaustkap_nominstoim,,Файл^Документ^СвЮЛ^СвУчредит^УчрЮЛИн^ДоляУстКап^@НоминСтоим,true
s_local_company_founders_info_ulin,svucredit_ucrulin_svneddanucr_priznneddanucr,,Файл^Документ^СвЮЛ^СвУчредит^УчрЮЛИн^СвНедДанУчр^@ПризнНедДанУчр,true
s_local_company_founders_info_ulin,svucredit_ucrulin_svregin_regnomer,,Файл^Документ^СвЮЛ^СвУчредит^УчрЮЛИн^СвРегИн^@РегНомер,true
s_local_company_founders_info_ulin,svucredit_ucrulin_svregin_adrstr,,Файл^Документ^СвЮЛ^СвУчредит^УчрЮЛИн^СвРегИн^@АдрСтр,true
s_local_company_founders_info_ulin,svucredit_ucrulin_svregin_oksm,,Файл^Документ^СвЮЛ^СвУчредит^УчрЮЛИн^СвРегИн^@ОКСМ,true
s_local_company_is_liquidated_info,local_company_pk,,hash_func,true
s_local_company_is_liquidated_info,load_dtm,,now_f,true
s_local_company_founders_info_ulros,hash_diff,,hash_diff,true
s_local_company_founders_info_ulin,hash_diff,,hash_diff,true
s_local_company_egrul_history,ogrn,,ogrn,true
s_local_company_founders_info_ulros,ogrn,,ogrn,true
s_local_company_founders_info_ulin,ogrn,,ogrn,true
s_local_company_egrul_history,svzapegrul_svstatuszap_grndataned_datazap,,Файл^Документ^СвЮЛ^СвЗапЕГРЮЛ^СвСтатусЗап^ГРНДатаНед^@ДатаЗап,true
s_local_company_founders_info_fl,local_company_pk,,hash_func,true
s_local_company_founders_info_fl,load_dtm,,now_f,true
s_local_company_founders_info_fl,rec_src,,EGRUL,true
s_local_company_founders_info_fl,svucredit_ucrfl_svfl_innfl,,Файл^Документ^СвЮЛ^СвУчредит^УчрФЛ^СвФЛ^@ИННФЛ,true
s_local_company_founders_info_fl,svucredit_ucrfl_dolaustkap_nominstoim,,Файл^Документ^СвЮЛ^СвУчредит^УчрФЛ^ДоляУстКап^@НоминСтоим,true
s_local_company_founders_info_fl,svucredit_ucrfl_svfl_ima,,Файл^Документ^СвЮЛ^СвУчредит^УчрФЛ^СвФЛ^@Имя,true
s_local_company_founders_info_fl,svucredit_ucrfl_svfl_familia,,Файл^Документ^СвЮЛ^СвУчредит^УчрФЛ^СвФЛ^@Фамилия,true
s_local_company_founders_info_fl,svucredit_ucrfl_svfl_otcestvo,,Файл^Документ^СвЮЛ^СвУчредит^УчрФЛ^СвФЛ^@Отчество,true
s_local_company_founders_info_fl,ssvucredit_ucrfl_svneddanucr_priznneddanucr,,Файл^Документ^СвЮЛ^СвУчредит^УчрФЛ^СвНедДанУчр^@ПризнНедДанУчр,true
s_local_company_founders_info_rfsubmo,local_company_pk,,hash_func,true
s_local_company_founders_info_rfsubmo,load_dtm,,now_f,true
s_local_company_founders_info_rfsubmo,rec_src,,EGRUL,true
s_local_company_founders_info_rfsubmo,svucredit_ucrrfsubmo_vidnaimucr_kodregion,,Файл^Документ^СвЮЛ^СвУчредит^УчрРФСубМО^ВидНаимУчр^@КодРегион,true
s_local_company_founders_info_rfsubmo,svucredit_ucrrfsubmo_vidnaimucr_koducrrfsubmo,,Файл^Документ^СвЮЛ^СвУчредит^УчрРФСубМО^ВидНаимУчр^@КодУчрРФСубМО,true
s_local_company_founders_info_rfsubmo,svucredit_ucrrfsubmo_vidnaimucr_naimmo,,Файл^Документ^СвЮЛ^СвУчредит^УчрРФСубМО^ВидНаимУчр^@НаимМО,true
s_local_company_founders_info_rfsubmo,svucredit_ucrrfsubmo_vidnaimucr_naimregion,,Файл^Документ^СвЮЛ^СвУчредит^УчрРФСубМО^ВидНаимУчр^@НаимРегион,true
s_local_company_founders_info_rfsubmo,svucredit_ucrrfsubmo_dolaustkap_nominstoim,,Файл^Документ^СвЮЛ^СвУчредит^УчрРФСубМО^ДоляУстКап^@НоминСтоим,true
s_local_company_founders_info_rfsubmo,svucredit_ucrrfsubmo_svneddanucr_priznneddanucr,,Файл^Документ^СвЮЛ^СвУчредит^УчрРФСубМО^СвНедДанУчр^@ПризнНедДанУчр,true
s_local_company_founders_info_pif,local_company_pk,,hash_func,true
s_local_company_founders_info_pif,load_dtm,,now_f,true
s_local_company_founders_info_pif,rec_src,,EGRUL,true
s_local_company_founders_info_pif,svucredit_ucrpif_dolaustkap_nominstoim,,Файл^Документ^СвЮЛ^СвУчредит^УчрПИФ^ДоляУстКап^@НоминСтоим,true
s_local_company_founders_info_pif,svucredit_ucrpif_svnaimpif_naimpif,,Файл^Документ^СвЮЛ^СвУчредитУчрПИФ^СвНаимПИФ^@НаимПИФ,true
s_local_company_founders_info_pif,svucredit_ucrpif_svneddanucr_priznneddanucr,,Файл^Документ^СвЮЛ^СвУчредит^УчрПИФ^СвНедДанУчр^СвНедДанУчр^@ПризнНедДанУчр,true
s_local_company_reorganisation_info,statement_dt,,statement_dt,true
s_local_company_registration_info,statement_dt,,statement_dt,true
s_local_company_pension_fund_info,statement_dt,,statement_dt,true
s_local_company_okveds_info,statement_dt,,statement_dt,true
s_local_company_managing_organization_info,statement_dt,,statement_dt,true
s_local_company_licenses_info,statement_dt,,statement_dt,true
s_local_company_legal_name,statement_dt,,statement_dt,true
s_local_company_founders_info_ulros,statement_dt,,statement_dt,true
s_local_company_email_info,statement_dt,,statement_dt,true
s_local_company_egrul_history,statement_dt,,statement_dt,true
s_local_company_company_authorized_capital_info,statement_dt,,statement_dt,true
s_local_company_capital_share_company_info,statement_dt,,statement_dt,true
s_local_company_tax_authority_registration_info,statement_dt,,statement_dt,true
s_local_company_state_info,statement_dt,,statement_dt,true
s_local_company_predecessor_info,statement_dt,,statement_dt,true
s_local_company_is_liquidated_info,svprekrul_grndata_valid_from,,Файл^Документ^СвЮЛ^СвПрекрЮЛ^ГРНДата^@ДатаЗаписи,true
s_local_company_is_liquidated_info,svprekrul_svregorg_naimno,,Файл^Документ^СвЮЛ^СвПрекрЮЛ^СвРегОрг^@НаимНО,true
s_local_company_founders_info_fl,hash_diff,,hash_diff,true
s_local_company_founders_info_rfsubmo,hash_diff,,hash_diff,true
s_local_company_founders_info_pif,hash_diff,,hash_diff,true
s_local_company_founders_info_fl,ogrn,,ogrn,true
s_local_company_founders_info_rfsubmo,ogrn,,ogrn,true
s_local_company_founders_info_pif,ogrn,,ogrn,true
s_local_company_actioners_registry_keeper_info,statement_dt,,statement_dt,true
s_local_company_address_fias_info,statement_dt,,statement_dt,true
s_local_company_address_info,statement_dt,,statement_dt,true
s_local_company_assignee_info,statement_dt,,statement_dt,true
s_local_company_social_insurance_fund_info,statement_dt,,statement_dt,true
s_local_company_subdivisions_info,statement_dt,,statement_dt,true
s_local_company_is_liquidated_info,rec_src,,EGRUL,true
s_local_company_is_liquidated_info,svprekrul_dataprekrul,,Файл^Документ^СвЮЛ^СвПрекрЮЛ^@ДатаПрекрЮЛ,true
s_local_company_is_liquidated_info,svprekrul_grndata_grn,,Файл^Документ^СвЮЛ^СвПрекрЮЛ^ГРНДата^@ГРН,true
s_local_company_is_liquidated_info,svprekrul_svregorg_kodno,,Файл^Документ^СвЮЛ^СвПрекрЮЛ^СвРегОрг^@КодНО,true
s_local_company_is_liquidated_info,svprekrul_spprekrul_kodspprekrul,,Файл^Документ^СвЮЛ^СвПрекрЮЛ^СпПрекрЮЛ^@КодСпПрекрЮЛ,true
s_local_company_is_liquidated_info,svprekrul_spprekrul_naimspprekrul,,Файл^Документ^СвЮЛ^СвПрекрЮЛ^СпПрекрЮЛ^@НаимСпПрекрЮЛ,true
s_local_company_egrul_history,svzapegrul_svedpreddok_datadok,,Файл^Документ^СвЮЛ^СвЗапЕГРЮЛ^СведПредДок^ДатаДок,true
s_local_company_registration_info,hash_diff,,hash_diff,true
s_local_company_social_insurance_fund_info,hash_diff,,hash_diff,true
s_local_company_is_liquidated_info,hash_diff,,hash_diff,true
s_local_company_is_liquidated_info,statement_dt,,statement_dt,true
s_local_company_address_fias_info,svadresul_adresfias_elplanstruktur_tip,,Файл^Документ^СвЮЛ^СвАдресЮЛ^СвАдрЮЛФИАС^ЭлПланСтруктур^@Тип,true
s_local_company_address_fias_info,svadresul_adresfias_eluldorseti_naim,,Файл^Документ^СвЮЛ^СвАдресЮЛ^СвАдрЮЛФИАС^ЭлУлДорСети^@Наим,true
